image,couple_id,confidence,x1,y1,x2,y2,center_x,center_y
LAT_FORM_FB_AD_AV_001.jpg,1,0.93,223.96,467.25,379.54,720.21,301.75,593.73
LAT_FORM_FB_AD_AV_001.jpg,2,0.928,1009.04,490.64,1164.12,731.27,1086.58,610.96
LAT_FORM_FB_AD_AV_001.jpg,3,0.925,771.92,470.0,929.48,716.18,850.7,593.09
LAT_FORM_FB_AD_AV_001.jpg,4,0.871,512.57,475.22,641.55,719.3,577.06,597.26
LAT_FORM_FB_AD_AV_002.jpg,1,0.934,1028.5,409.56,1167.15,691.66,1097.82,550.61
LAT_FORM_FB_AD_AV_002.jpg,2,0.925,452.47,436.93,585.85,738.98,519.16,587.95
LAT_FORM_FB_AD_AV_002.jpg,3,0.861,1226.03,490.19,1372.58,756.52,1299.31,623.36
LAT_FORM_FB_AD_AV_002.jpg,4,0.835,734.98,407.54,823.68,682.94,779.33,545.24
LAT_FORM_FB_AD_AV_002.jpg,5,0.746,816.6,454.39,948.82,750.07,882.71,602.23
LAT_FORM_FB_AD_AV_002.jpg,6,0.744,569.57,369.25,661.79,642.73,615.68,505.99
LAT_FORM_FB_AD_AV_002.jpg,7,0.656,947.84,381.17,1037.38,650.47,992.61,515.82
LAT_FORM_FB_AD_AV_003.jpg,1,0.936,380.21,402.45,535.89,658.14,458.05,530.3
LAT_FORM_FB_AD_AV_003.jpg,2,0.931,1228.61,402.45,1350.5,641.71,1289.55,522.08
LAT_FORM_FB_AD_AV_003.jpg,3,0.926,703.28,428.76,824.14,673.37,763.71,551.07
LAT_FORM_FB_AD_AV_003.jpg,4,0.916,971.39,414.71,1097.55,654.58,1034.47,534.64
LAT_FORM_FB_AD_AV_003.jpg,5,0.864,589.69,381.88,713.76,600.75,651.73,491.32
LAT_FORM_FB_AD_AV_003.jpg,6,0.65,874.24,378.56,988.18,595.04,931.21,486.8
LAT_FORM_FB_AD_AV_003.jpg,7,0.62,873.72,376.49,988.89,594.65,931.31,485.57
LAT_FORM_FB_AD_AV_004.jpg,1,0.926,548.2,515.28,727.78,755.17,637.99,635.22
LAT_FORM_FB_AD_AV_004.jpg,2,0.857,847.42,449.23,1000.35,665.96,923.88,557.6
LAT_FORM_FB_AD_AV_004.jpg,3,0.855,716.04,484.06,856.09,708.63,786.06,596.35
LAT_FORM_FB_AD_AV_004.jpg,4,0.847,1246.25,547.47,1442.84,791.71,1344.55,669.59
LAT_FORM_FB_AD_AV_005.jpg,1,0.947,824.95,470.05,948.27,666.14,886.61,568.1
LAT_FORM_FB_AD_AV_005.jpg,2,0.928,540.43,527.04,713.98,752.77,627.21,639.91
LAT_FORM_FB_AD_AV_005.jpg,3,0.926,1286.8,572.48,1479.3,799.98,1383.05,686.23
LAT_FORM_FB_AD_AV_005.jpg,4,0.852,719.58,501.57,823.56,707.57,771.57,604.57
LAT_FORM_FB_AD_AV_006.jpg,1,0.954,610.57,542.14,729.27,754.97,669.92,648.56
LAT_FORM_FB_AD_AV_006.jpg,2,0.927,1060.97,498.58,1145.09,693.89,1103.03,596.23
LAT_FORM_FB_AD_AV_006.jpg,3,0.922,1276.6,577.0,1382.96,789.92,1329.78,683.46
LAT_FORM_FB_AD_AV_006.jpg,4,0.869,768.1,520.87,846.45,701.78,807.27,611.32
LAT_FORM_FB_AD_AV_006.jpg,5,0.868,1153.57,548.17,1254.75,745.57,1204.16,646.87
LAT_FORM_FB_AD_AV_006.jpg,6,0.854,934.79,465.0,1012.88,641.15,973.83,553.08
LAT_FORM_FB_AD_AV_006.jpg,7,0.636,851.18,477.76,917.12,652.75,884.15,565.25
LAT_FORM_FB_AD_AV_007.jpg,1,0.967,1119.58,628.73,1232.6,753.93,1176.09,691.33
LAT_FORM_FB_AD_AV_007.jpg,2,0.947,733.43,516.84,819.94,621.12,776.68,568.98
LAT_FORM_FB_AD_AV_007.jpg,3,0.94,1202.53,530.01,1286.0,627.6,1244.26,578.81
LAT_FORM_FB_AD_AV_007.jpg,4,0.932,552.65,558.94,637.08,676.46,594.86,617.7
LAT_FORM_FB_AD_AV_007.jpg,5,0.925,671.37,628.77,765.79,754.61,718.58,691.69
LAT_FORM_FB_AD_AV_007.jpg,6,0.919,877.86,564.26,966.25,682.91,922.06,623.59
LAT_FORM_FB_AD_AV_007.jpg,7,0.917,1375.93,567.67,1470.05,683.86,1422.99,625.76
LAT_FORM_FB_AD_AV_007.jpg,8,0.859,1057.8,574.19,1130.5,680.91,1094.15,627.55
LAT_FORM_FB_AD_AV_008.jpg,1,0.959,733.81,487.86,823.13,620.18,778.47,554.02
LAT_FORM_FB_AD_AV_008.jpg,2,0.958,552.16,532.73,644.63,676.51,598.4,604.62
LAT_FORM_FB_AD_AV_008.jpg,3,0.932,1112.79,603.7,1222.32,759.77,1167.56,681.74
LAT_FORM_FB_AD_AV_008.jpg,4,0.922,871.64,546.3,962.98,683.25,917.31,614.78
LAT_FORM_FB_AD_AV_008.jpg,5,0.918,1375.3,543.62,1470.9,684.25,1423.1,613.94
LAT_FORM_FB_AD_AV_008.jpg,6,0.915,1199.8,500.54,1285.54,625.16,1242.67,562.85
LAT_FORM_FB_AD_AV_008.jpg,7,0.852,1057.53,546.13,1133.75,681.14,1095.64,613.63
LAT_FORM_FB_AD_AV_008.jpg,8,0.806,670.48,610.74,762.6,755.23,716.54,682.98
LAT_FORM_FB_AD_AV_009.jpg,1,0.949,742.84,488.22,821.95,619.95,782.39,554.09
LAT_FORM_FB_AD_AV_009.jpg,2,0.945,546.33,536.76,640.83,675.67,593.58,606.22
LAT_FORM_FB_AD_AV_009.jpg,3,0.939,679.81,613.81,764.21,756.17,722.01,684.99
LAT_FORM_FB_AD_AV_009.jpg,4,0.933,1113.92,602.82,1219.02,759.9,1166.47,681.36
LAT_FORM_FB_AD_AV_009.jpg,5,0.928,1047.96,545.91,1125.97,683.53,1086.97,614.72
LAT_FORM_FB_AD_AV_009.jpg,6,0.927,872.89,545.99,960.75,683.16,916.82,614.58
LAT_FORM_FB_AD_AV_009.jpg,7,0.92,1202.23,497.95,1284.63,627.66,1243.43,562.8
LAT_FORM_FB_AD_AV_009.jpg,8,0.917,1380.36,540.7,1465.14,684.42,1422.75,612.56
LAT_FORM_FB_AD_AV_010.jpg,1,0.935,514.84,521.08,621.9,676.28,568.37,598.68
LAT_FORM_FB_AD_AV_010.jpg,2,0.926,848.35,528.18,938.47,681.19,893.41,604.69
LAT_FORM_FB_AD_AV_010.jpg,3,0.91,1102.49,556.58,1219.98,754.07,1161.24,655.33
LAT_FORM_FB_AD_AV_010.jpg,4,0.906,641.15,587.57,744.89,754.31,693.02,670.94
LAT_FORM_FB_AD_AV_010.jpg,5,0.901,1013.16,536.36,1093.83,684.21,1053.5,610.29
LAT_FORM_FB_AD_AV_010.jpg,6,0.885,1352.82,543.27,1442.35,680.33,1397.59,611.8
LAT_FORM_FB_AD_AV_010.jpg,7,0.882,1183.41,497.13,1258.17,622.08,1220.79,559.61
LAT_FORM_FB_AD_AV_010.jpg,8,0.617,708.62,470.78,779.91,614.85,744.27,542.81
LAT_FORM_FB_AD_AV_011.jpg,1,0.964,625.1,555.83,724.81,756.25,674.95,656.04
LAT_FORM_FB_AD_AV_011.jpg,2,0.938,1166.99,465.4,1236.11,618.16,1201.55,541.78
LAT_FORM_FB_AD_AV_011.jpg,3,0.917,506.77,495.81,588.73,674.33,547.75,585.07
LAT_FORM_FB_AD_AV_011.jpg,4,0.908,1330.1,502.42,1415.44,681.79,1372.77,592.11
LAT_FORM_FB_AD_AV_011.jpg,5,0.903,1014.64,511.27,1092.19,681.13,1053.41,596.2
LAT_FORM_FB_AD_AV_011.jpg,6,0.876,815.74,507.18,905.23,682.52,860.49,594.85
LAT_FORM_FB_AD_AV_011.jpg,7,0.871,703.56,452.91,773.73,620.31,738.65,536.61
LAT_FORM_FB_AD_AV_012.jpg,1,0.941,489.13,499.16,569.8,687.68,529.47,593.42
LAT_FORM_FB_AD_AV_012.jpg,2,0.94,678.06,453.37,759.02,620.2,718.54,536.79
LAT_FORM_FB_AD_AV_012.jpg,3,0.934,1356.96,505.29,1437.48,688.59,1397.22,596.94
LAT_FORM_FB_AD_AV_012.jpg,4,0.919,819.11,505.66,905.46,692.07,862.29,598.87
LAT_FORM_FB_AD_AV_012.jpg,5,0.918,1093.75,558.82,1192.38,766.71,1143.06,662.77
LAT_FORM_FB_AD_AV_012.jpg,6,0.883,1162.28,461.31,1243.52,619.27,1202.9,540.29
LAT_FORM_FB_AD_AV_012.jpg,7,0.847,621.72,553.97,700.53,767.49,661.12,660.73
LAT_FORM_FB_AD_AV_013.jpg,1,0.948,1182.54,557.2,1292.98,789.74,1237.76,673.47
LAT_FORM_FB_AD_AV_013.jpg,2,0.94,847.14,493.32,942.88,696.36,895.01,594.84
LAT_FORM_FB_AD_AV_013.jpg,3,0.93,459.48,483.3,546.96,699.35,503.22,591.33
LAT_FORM_FB_AD_AV_013.jpg,4,0.919,569.0,539.35,648.46,778.89,608.73,659.12
LAT_FORM_FB_AD_AV_013.jpg,5,0.913,1044.77,492.42,1130.52,700.04,1087.64,596.23
LAT_FORM_FB_AD_AV_013.jpg,6,0.901,1441.34,497.89,1543.85,701.93,1492.6,599.91
LAT_FORM_FB_AD_AV_013.jpg,7,0.885,684.22,444.75,779.59,633.79,731.9,539.27
LAT_FORM_FB_AD_AV_014.jpg,1,0.94,603.81,542.43,697.32,775.55,650.56,658.99
LAT_FORM_FB_AD_AV_014.jpg,2,0.938,447.85,474.69,539.48,698.42,493.67,586.56
LAT_FORM_FB_AD_AV_014.jpg,3,0.905,1481.28,481.47,1558.91,697.17,1520.09,589.32
LAT_FORM_FB_AD_AV_014.jpg,4,0.895,1043.76,485.85,1118.64,701.27,1081.2,593.56
LAT_FORM_FB_AD_AV_014.jpg,5,0.894,1220.06,528.35,1305.57,777.86,1262.81,653.11
LAT_FORM_FB_AD_AV_014.jpg,6,0.874,847.57,482.56,918.16,690.6,882.87,586.58
LAT_FORM_FB_AD_AV_014.jpg,7,0.624,683.14,430.35,752.06,624.99,717.6,527.67
LAT_FORM_FB_AD_AV_015.jpg,1,0.941,1032.86,490.33,1154.19,700.15,1093.53,595.24
LAT_FORM_FB_AD_AV_015.jpg,2,0.941,1282.72,480.21,1412.01,706.91,1347.36,593.56
LAT_FORM_FB_AD_AV_015.jpg,3,0.937,1471.21,427.03,1585.1,627.21,1528.16,527.12
LAT_FORM_FB_AD_AV_015.jpg,4,0.924,453.49,470.7,571.42,696.47,512.45,583.59
LAT_FORM_FB_AD_AV_015.jpg,5,0.906,723.98,482.71,833.57,697.36,778.77,590.03
LAT_FORM_FB_AD_AV_015.jpg,6,0.897,628.32,412.22,723.45,628.75,675.89,520.48
LAT_FORM_FB_AD_AV_015.jpg,7,0.792,885.28,427.64,979.32,620.58,932.3,524.11
LAT_FORM_FB_AD_AV_016.jpg,1,0.945,1254.5,482.61,1403.31,707.56,1328.9,595.09
LAT_FORM_FB_AD_AV_016.jpg,2,0.943,995.95,484.92,1145.46,705.58,1070.7,595.25
LAT_FORM_FB_AD_AV_016.jpg,3,0.927,427.34,470.53,565.42,695.24,496.38,582.88
LAT_FORM_FB_AD_AV_016.jpg,4,0.921,703.21,476.74,833.43,701.44,768.32,589.09
LAT_FORM_FB_AD_AV_016.jpg,5,0.916,854.01,428.3,967.23,623.12,910.62,525.71
LAT_FORM_FB_AD_AV_016.jpg,6,0.915,1432.51,427.48,1569.24,635.62,1500.88,531.55
LAT_FORM_FB_AD_AV_016.jpg,7,0.876,595.46,416.74,701.1,628.96,648.28,522.85
LAT_FORM_FB_AD_AV_017.jpg,1,0.944,1271.24,461.36,1406.69,709.23,1338.96,585.3
LAT_FORM_FB_AD_AV_017.jpg,2,0.931,869.51,412.16,998.75,627.74,934.13,519.95
LAT_FORM_FB_AD_AV_017.jpg,3,0.918,1416.68,388.87,1536.5,641.54,1476.59,515.2
LAT_FORM_FB_AD_AV_017.jpg,4,0.903,461.1,429.79,555.16,694.22,508.13,562.0
LAT_FORM_FB_AD_AV_017.jpg,5,0.875,724.27,472.92,820.82,704.89,772.54,588.91
LAT_FORM_FB_AD_AV_017.jpg,6,0.874,1133.36,404.57,1271.86,630.01,1202.61,517.29
LAT_FORM_FB_AD_AV_017.jpg,7,0.823,580.69,379.29,712.71,626.44,646.7,502.86
LAT_FORM_FB_AD_AV_017.jpg,8,0.746,1029.76,461.45,1123.24,706.1,1076.5,583.77
LAT_FORM_FB_AD_AV_017.jpg,9,0.577,1029.76,455.7,1123.19,707.2,1076.47,581.45
LAT_FORM_FB_AD_AV_018.jpg,1,0.961,1014.33,465.94,1122.5,706.03,1068.41,585.99
LAT_FORM_FB_AD_AV_018.jpg,2,0.943,460.15,454.95,562.85,692.88,511.5,573.91
LAT_FORM_FB_AD_AV_018.jpg,3,0.934,719.06,480.02,817.55,701.48,768.3,590.75
LAT_FORM_FB_AD_AV_018.jpg,4,0.914,1432.21,432.05,1526.46,641.72,1479.33,536.89
LAT_FORM_FB_AD_AV_018.jpg,5,0.909,1278.48,467.35,1363.99,714.59,1321.24,590.97
LAT_FORM_FB_AD_AV_018.jpg,6,0.898,613.17,415.89,691.78,635.92,652.47,525.9
LAT_FORM_FB_AD_AV_018.jpg,7,0.831,1140.39,420.4,1244.34,640.28,1192.37,530.34
LAT_FORM_FB_AD_AV_019.jpg,1,0.956,1645.5,447.6,1879.45,751.65,1762.48,599.63
LAT_FORM_FB_AD_AV_019.jpg,2,0.949,1330.91,455.1,1577.06,787.79,1453.98,621.45
LAT_FORM_FB_AD_AV_019.jpg,3,0.948,495.78,410.08,659.65,735.95,577.71,573.01
LAT_FORM_FB_AD_AV_019.jpg,4,0.938,733.86,457.68,903.07,787.33,818.46,622.51
LAT_FORM_FB_AD_AV_019.jpg,5,0.935,1093.26,508.27,1350.55,835.87,1221.91,672.07
LAT_FORM_FB_AD_AV_020.jpg,1,0.961,257.63,484.08,469.82,674.59,363.72,579.34
LAT_FORM_FB_AD_AV_020.jpg,2,0.944,688.67,482.97,870.29,677.02,779.48,579.99
LAT_FORM_FB_AD_AV_020.jpg,3,0.937,1083.21,500.8,1228.2,710.21,1155.7,605.5
LAT_FORM_FB_AD_AV_020.jpg,4,0.911,1392.55,525.15,1545.74,743.53,1469.15,634.34
LAT_FORM_FB_AD_AV_020.jpg,5,0.883,878.81,486.44,1043.04,677.06,960.92,581.75
LAT_FORM_FB_AD_AV_020.jpg,6,0.854,1626.26,500.85,1849.39,694.47,1737.82,597.66
LAT_FORM_FB_AD_AV_020.jpg,7,0.81,541.15,462.78,712.62,652.19,626.88,557.49
LAT_FORM_FB_AD_AV_021.jpg,1,0.937,282.78,485.95,465.66,678.48,374.22,582.21
LAT_FORM_FB_AD_AV_021.jpg,2,0.932,1705.61,500.57,1907.61,698.26,1806.61,599.42
LAT_FORM_FB_AD_AV_021.jpg,3,0.932,1115.05,501.51,1302.96,693.14,1209.01,597.32
LAT_FORM_FB_AD_AV_021.jpg,4,0.924,514.88,478.34,688.71,674.57,601.79,576.46
LAT_FORM_FB_AD_AV_021.jpg,5,0.924,703.24,486.78,883.02,679.83,793.13,583.31
LAT_FORM_FB_AD_AV_021.jpg,6,0.882,879.43,489.58,1043.46,684.52,961.44,587.05
LAT_FORM_FB_AD_AV_021.jpg,7,0.797,1475.12,524.8,1640.83,709.06,1557.98,616.93
LAT_FORM_FB_AD_AV_022.jpg,1,0.958,220.0,490.65,419.68,687.92,319.84,589.29
LAT_FORM_FB_AD_AV_022.jpg,2,0.952,1287.1,508.71,1481.28,691.07,1384.19,599.89
LAT_FORM_FB_AD_AV_022.jpg,3,0.947,1683.56,499.03,1884.75,694.57,1784.16,596.8
LAT_FORM_FB_AD_AV_022.jpg,4,0.946,673.05,487.54,853.11,685.66,763.08,586.6
LAT_FORM_FB_AD_AV_022.jpg,5,0.943,1093.46,502.79,1275.36,690.8,1184.41,596.79
LAT_FORM_FB_AD_AV_022.jpg,6,0.931,862.2,492.76,1057.14,686.58,959.67,589.67
LAT_FORM_FB_AD_AV_022.jpg,7,0.929,503.91,486.19,674.27,685.84,589.09,586.01
LAT_FORM_FB_AD_AV_022.jpg,8,0.862,1480.74,502.39,1656.38,691.45,1568.56,596.92
LAT_FORM_FB_AD_AV_023.jpg,1,0.951,895.33,510.24,1088.01,699.82,991.67,605.03
LAT_FORM_FB_AD_AV_023.jpg,2,0.946,1101.81,494.46,1301.59,687.39,1201.7,590.93
LAT_FORM_FB_AD_AV_023.jpg,3,0.934,479.21,496.69,685.12,690.97,582.16,593.83
LAT_FORM_FB_AD_AV_023.jpg,4,0.926,694.23,496.36,879.09,686.51,786.66,591.43
LAT_FORM_FB_AD_AV_023.jpg,5,0.925,1491.9,497.9,1667.0,681.67,1579.45,589.78
LAT_FORM_FB_AD_AV_023.jpg,6,0.92,1692.87,499.71,1898.48,693.07,1795.68,596.39
LAT_FORM_FB_AD_AV_023.jpg,7,0.905,176.75,477.91,443.5,681.16,310.13,579.54
LAT_FORM_FB_AD_AV_023.jpg,8,0.904,1311.59,490.5,1497.74,692.62,1404.66,591.56
LAT_FORM_FB_AD_AV_023.jpg,9,0.488,188.64,479.42,449.19,680.66,318.92,580.04
LAT_FORM_FB_AD_AV_024.jpg,1,0.955,825.7,419.77,908.63,622.78,867.17,521.28
LAT_FORM_FB_AD_AV_024.jpg,2,0.942,669.68,592.05,835.14,873.95,752.41,733.0
LAT_FORM_FB_AD_AV_024.jpg,3,0.931,980.3,503.25,1103.96,774.44,1042.13,638.84
LAT_FORM_FB_AD_AV_024.jpg,4,0.928,708.95,368.89,796.69,544.32,752.82,456.6
LAT_FORM_FB_AD_AV_024.jpg,5,0.92,509.27,451.91,630.32,685.72,569.79,568.82
LAT_FORM_FB_AD_AV_024.jpg,6,0.918,936.23,340.01,1016.15,504.07,976.19,422.04
LAT_FORM_FB_AD_AV_024.jpg,7,0.913,1345.69,468.29,1525.99,716.18,1435.84,592.24
LAT_FORM_FB_AD_AV_024.jpg,8,0.878,1082.51,388.65,1164.41,575.28,1123.46,481.97
LAT_FORM_FB_AD_AV_025.jpg,1,0.958,844.16,481.69,1147.48,782.19,995.82,631.94
LAT_FORM_FB_AD_AV_025.jpg,2,0.945,739.67,149.49,875.21,325.81,807.44,237.65
LAT_FORM_FB_AD_AV_025.jpg,3,0.943,880.67,193.49,1086.56,400.84,983.62,297.17
LAT_FORM_FB_AD_AV_025.jpg,4,0.94,274.87,527.57,557.06,837.79,415.96,682.68
LAT_FORM_FB_AD_AV_025.jpg,5,0.931,646.25,327.45,852.03,597.22,749.14,462.33
LAT_FORM_FB_AD_AV_025.jpg,6,0.923,1086.97,293.41,1322.86,516.53,1204.91,404.97
LAT_FORM_FB_AD_AV_025.jpg,7,0.907,489.19,278.89,643.32,490.9,566.25,384.9
LAT_FORM_FB_AD_AV_025.jpg,8,0.88,1338.89,397.58,1683.84,645.72,1511.37,521.65
LAT_FORM_FB_AD_AV_025.jpg,9,0.78,1337.86,398.92,1676.76,650.35,1507.31,524.64
LAT_FORM_FB_AD_AV_025.jpg,10,0.41,273.61,525.59,558.74,837.07,416.17,681.33
LAT_FORM_FB_AD_AV_026.jpg,1,0.945,1103.82,321.15,1379.6,620.35,1241.71,470.75
LAT_FORM_FB_AD_AV_026.jpg,2,0.937,863.72,151.8,1114.33,431.27,989.02,291.53
LAT_FORM_FB_AD_AV_026.jpg,3,0.934,9.66,526.84,333.58,864.88,171.62,695.86
LAT_FORM_FB_AD_AV_026.jpg,4,0.931,733.32,27.32,905.08,264.82,819.2,146.07
LAT_FORM_FB_AD_AV_026.jpg,5,0.928,530.33,314.42,773.53,576.62,651.93,445.52
LAT_FORM_FB_AD_AV_026.jpg,6,0.922,692.09,591.32,972.25,1005.69,832.17,798.5
LAT_FORM_FB_AD_AV_027.jpg,1,0.945,540.65,230.06,734.72,547.57,637.69,388.82
LAT_FORM_FB_AD_AV_027.jpg,2,0.941,400.09,615.5,652.64,953.21,526.36,784.35
LAT_FORM_FB_AD_AV_027.jpg,3,0.916,94.51,261.66,365.8,581.66,230.15,421.66
LAT_FORM_FB_AD_AV_027.jpg,4,0.9,1026.75,197.29,1172.3,529.68,1099.52,363.48
LAT_FORM_FB_AD_AV_027.jpg,5,0.662,1063.62,571.78,1259.3,842.69,1161.46,707.24
LAT_FORM_FB_AD_AV_027.jpg,6,0.495,1063.77,572.66,1260.66,843.17,1162.22,707.92
LAT_FORM_FB_AD_AV_028.jpg,1,0.947,641.46,363.03,710.32,522.81,675.89,442.92
LAT_FORM_FB_AD_AV_028.jpg,2,0.944,950.43,393.36,1054.4,593.7,1002.42,493.53
LAT_FORM_FB_AD_AV_028.jpg,3,0.939,465.15,427.36,566.09,653.16,515.62,540.26
LAT_FORM_FB_AD_AV_028.jpg,4,0.875,717.38,404.36,793.97,595.27,755.67,499.82
LAT_FORM_FB_AD_AV_028.jpg,5,0.865,1048.82,303.0,1111.27,455.54,1080.04,379.27
LAT_FORM_FB_AD_AV_028.jpg,6,0.865,923.19,270.53,979.79,415.57,951.49,343.05
LAT_FORM_FB_AD_AV_028.jpg,7,0.78,789.7,377.87,848.83,504.81,819.26,441.34
LAT_FORM_FB_AD_AV_029.jpg,1,0.963,1115.56,448.24,1311.21,645.49,1213.39,546.86
LAT_FORM_FB_AD_AV_029.jpg,2,0.953,1339.72,335.79,1555.9,529.61,1447.81,432.7
LAT_FORM_FB_AD_AV_029.jpg,3,0.948,869.72,298.91,1029.2,473.25,949.46,386.08
LAT_FORM_FB_AD_AV_029.jpg,4,0.948,780.94,480.01,983.33,694.7,882.13,587.35
LAT_FORM_FB_AD_AV_029.jpg,5,0.947,721.0,259.18,864.21,423.67,792.6,341.43
LAT_FORM_FB_AD_AV_029.jpg,6,0.942,583.65,405.63,754.93,595.47,669.29,500.55
LAT_FORM_FB_AD_AV_029.jpg,7,0.939,1118.82,305.09,1309.85,457.37,1214.34,381.23
LAT_FORM_FB_AD_AV_029.jpg,8,0.894,445.98,331.2,578.58,532.3,512.28,431.75
LAT_FORM_FB_AD_AV_030.jpg,1,0.952,729.31,463.16,916.0,695.78,822.65,579.47
LAT_FORM_FB_AD_AV_030.jpg,2,0.949,824.69,309.67,977.35,484.7,901.02,397.19
LAT_FORM_FB_AD_AV_030.jpg,3,0.941,641.33,279.04,759.88,461.1,700.61,370.07
LAT_FORM_FB_AD_AV_030.jpg,4,0.927,515.38,415.42,663.66,626.6,589.52,521.01
LAT_FORM_FB_AD_AV_030.jpg,5,0.924,346.0,367.99,457.89,625.37,401.95,496.68
LAT_FORM_FB_AD_AV_030.jpg,6,0.924,1308.39,360.16,1528.89,581.6,1418.64,470.88
LAT_FORM_FB_AD_AV_030.jpg,7,0.916,1060.32,485.07,1267.24,704.16,1163.78,594.62
LAT_FORM_FB_AD_AV_030.jpg,8,0.909,1089.61,334.04,1264.89,496.7,1177.25,415.37
LAT_FORM_FB_AD_AV_031.jpg,1,0.942,1270.87,375.83,1497.54,615.41,1384.21,495.62
LAT_FORM_FB_AD_AV_031.jpg,2,0.939,986.85,507.04,1201.78,784.41,1094.32,645.73
LAT_FORM_FB_AD_AV_031.jpg,3,0.932,1038.4,340.37,1196.46,532.61,1117.43,436.49
LAT_FORM_FB_AD_AV_031.jpg,4,0.924,299.01,397.19,449.43,657.53,374.22,527.36
LAT_FORM_FB_AD_AV_031.jpg,5,0.923,815.53,312.2,915.91,489.01,865.72,400.61
LAT_FORM_FB_AD_AV_031.jpg,6,0.903,682.43,455.58,876.07,671.96,779.25,563.77
LAT_FORM_FB_AD_AV_031.jpg,7,0.901,599.99,279.64,710.9,457.75,655.44,368.7
LAT_FORM_FB_AD_AV_031.jpg,8,0.899,459.42,429.31,604.81,638.2,532.12,533.75
LAT_FORM_FB_AD_AV_032.jpg,1,0.952,1109.05,591.96,1247.62,937.78,1178.33,764.87
LAT_FORM_FB_AD_AV_032.jpg,2,0.941,1298.64,387.51,1439.02,666.52,1368.83,527.02
LAT_FORM_FB_AD_AV_032.jpg,3,0.935,779.34,505.66,884.7,814.93,832.02,660.3
LAT_FORM_FB_AD_AV_032.jpg,4,0.924,299.11,437.08,444.36,713.97,371.74,575.53
LAT_FORM_FB_AD_AV_032.jpg,5,0.923,529.61,462.23,663.29,731.84,596.45,597.03
LAT_FORM_FB_AD_AV_032.jpg,6,0.918,584.81,286.01,666.43,493.19,625.62,389.6
LAT_FORM_FB_AD_AV_032.jpg,7,0.906,1035.7,360.69,1122.56,615.39,1079.13,488.04
LAT_FORM_FB_AD_AV_032.jpg,8,0.882,781.6,314.07,859.8,502.43,820.7,408.25
LAT_FORM_FB_AD_AV_033.jpg,1,0.938,909.5,301.43,1067.15,461.11,988.33,381.27
LAT_FORM_FB_AD_AV_033.jpg,2,0.937,184.78,575.09,508.9,883.75,346.84,729.42
LAT_FORM_FB_AD_AV_033.jpg,3,0.936,1226.04,510.57,1458.74,747.15,1342.39,628.86
LAT_FORM_FB_AD_AV_033.jpg,4,0.919,486.83,368.17,696.17,562.57,591.5,465.37
LAT_FORM_FB_AD_AV_033.jpg,5,0.913,203.48,347.6,429.32,563.4,316.4,455.5
LAT_FORM_FB_AD_AV_033.jpg,6,0.892,693.13,286.29,822.13,448.71,757.63,367.5
LAT_FORM_FB_AD_AV_033.jpg,7,0.865,852.8,462.14,1028.92,676.18,940.86,569.16
LAT_FORM_FB_AD_AV_033.jpg,8,0.798,633.07,688.89,966.76,970.09,799.91,829.49
LAT_FORM_FB_AD_AV_034.jpg,1,0.963,1250.78,526.12,1477.33,747.15,1364.05,636.63
LAT_FORM_FB_AD_AV_034.jpg,2,0.954,216.32,567.28,477.5,808.59,346.91,687.93
LAT_FORM_FB_AD_AV_034.jpg,3,0.943,948.61,299.85,1107.27,471.32,1027.94,385.59
LAT_FORM_FB_AD_AV_034.jpg,4,0.938,619.96,678.32,865.77,945.15,742.87,811.74
LAT_FORM_FB_AD_AV_034.jpg,5,0.938,843.29,451.03,1027.99,656.67,935.64,553.85
LAT_FORM_FB_AD_AV_034.jpg,6,0.937,518.57,352.26,669.85,554.09,594.21,453.17
LAT_FORM_FB_AD_AV_034.jpg,7,0.924,725.24,267.13,831.59,442.53,778.42,354.83
LAT_FORM_FB_AD_AV_034.jpg,8,0.81,260.96,327.72,443.92,525.73,352.44,426.72
LAT_FORM_FB_AD_AV_035.jpg,1,0.969,531.83,364.5,717.67,574.51,624.75,469.5
LAT_FORM_FB_AD_AV_035.jpg,2,0.941,1245.16,564.84,1436.82,818.45,1340.99,691.64
LAT_FORM_FB_AD_AV_035.jpg,3,0.939,174.73,517.16,436.84,788.61,305.78,652.89
LAT_FORM_FB_AD_AV_035.jpg,4,0.939,369.6,305.37,520.69,503.53,445.15,404.45
LAT_FORM_FB_AD_AV_035.jpg,5,0.935,1021.6,321.02,1177.88,516.49,1099.74,418.75
LAT_FORM_FB_AD_AV_035.jpg,6,0.926,518.65,649.97,827.54,983.35,673.09,816.66
LAT_FORM_FB_AD_AV_035.jpg,7,0.917,774.54,264.54,892.2,455.78,833.37,360.16
LAT_FORM_FB_AD_AV_035.jpg,8,0.898,814.72,442.89,996.57,685.99,905.65,564.44
LAT_FORM_FB_AD_AV_036.jpg,1,0.949,404.14,680.24,668.73,966.69,536.44,823.47
LAT_FORM_FB_AD_AV_036.jpg,2,0.941,1052.02,355.47,1229.36,569.48,1140.69,462.48
LAT_FORM_FB_AD_AV_036.jpg,3,0.926,790.92,495.04,947.8,738.46,869.36,616.75
LAT_FORM_FB_AD_AV_036.jpg,4,0.912,833.53,283.19,987.82,466.47,910.67,374.83
LAT_FORM_FB_AD_AV_036.jpg,5,0.907,188.6,504.07,406.04,741.96,297.32,623.02
LAT_FORM_FB_AD_AV_036.jpg,6,0.903,572.82,366.76,748.47,580.44,660.64,473.6
LAT_FORM_FB_AD_AV_036.jpg,7,0.889,1112.41,673.53,1370.9,998.54,1241.66,836.03
LAT_FORM_FB_AD_AV_037.jpg,1,0.959,1036.28,439.66,1228.29,623.74,1132.28,531.7
LAT_FORM_FB_AD_AV_037.jpg,2,0.932,970.98,312.04,1100.66,450.84,1035.82,381.44
LAT_FORM_FB_AD_AV_037.jpg,3,0.931,674.05,773.68,916.63,1053.13,795.34,913.4
LAT_FORM_FB_AD_AV_037.jpg,4,0.902,647.9,504.66,854.34,736.72,751.12,620.69
LAT_FORM_FB_AD_AV_037.jpg,5,0.877,696.63,362.79,812.85,501.4,754.74,432.09
LAT_FORM_FB_AD_AV_037.jpg,6,0.821,359.31,386.69,520.28,552.43,439.79,469.56
LAT_FORM_FB_AD_AV_037.jpg,7,0.63,344.74,561.25,472.88,758.85,408.81,660.05
LAT_FORM_FB_AD_AV_038.jpg,1,0.934,1159.23,236.32,1304.57,419.89,1231.9,328.11
LAT_FORM_FB_AD_AV_038.jpg,2,0.933,1350.3,205.36,1483.05,340.78,1416.67,273.07
LAT_FORM_FB_AD_AV_038.jpg,3,0.887,763.0,331.14,905.5,534.55,834.25,432.85
LAT_FORM_FB_AD_AV_038.jpg,4,0.878,456.22,167.58,555.39,308.95,505.8,238.26
LAT_FORM_FB_AD_AV_038.jpg,5,0.863,614.15,271.4,768.29,431.77,691.22,351.58
LAT_FORM_FB_AD_AV_038.jpg,6,0.813,918.95,278.76,1107.82,449.94,1013.38,364.35
LAT_FORM_FB_AD_AV_038.jpg,7,0.651,590.32,209.41,671.51,357.27,630.92,283.34
LAT_FORM_FB_AD_AV_039.jpg,1,0.946,506.36,512.06,808.74,794.61,657.55,653.34
LAT_FORM_FB_AD_AV_039.jpg,2,0.945,559.86,240.17,757.82,441.98,658.84,341.07
LAT_FORM_FB_AD_AV_039.jpg,3,0.936,1178.48,290.15,1356.92,511.04,1267.7,400.59
LAT_FORM_FB_AD_AV_039.jpg,4,0.929,1046.94,519.26,1299.07,775.98,1173.0,647.62
LAT_FORM_FB_AD_AV_039.jpg,5,0.926,795.18,330.84,1007.04,541.28,901.11,436.06
LAT_FORM_FB_AD_AV_039.jpg,6,0.741,1040.12,131.29,1189.5,295.41,1114.81,213.35
LAT_FORM_FB_AD_AV_040.jpg,1,0.945,1035.94,222.55,1295.18,391.92,1165.56,307.23
LAT_FORM_FB_AD_AV_040.jpg,2,0.935,582.39,223.86,769.11,505.68,675.75,364.77
LAT_FORM_FB_AD_AV_040.jpg,3,0.933,340.62,369.39,627.7,775.68,484.16,572.53
LAT_FORM_FB_AD_AV_040.jpg,4,0.926,37.44,267.97,279.14,604.03,158.29,436.0
LAT_FORM_FB_AD_AV_040.jpg,5,0.926,1365.57,476.02,1805.71,848.04,1585.64,662.03
LAT_FORM_FB_AD_AV_040.jpg,6,0.901,1364.57,302.09,1673.48,476.53,1519.03,389.31
LAT_FORM_FB_AD_AV_040.jpg,7,0.784,288.38,178.01,494.17,379.83,391.27,278.92
LAT_FORM_FB_AD_AV_041.jpg,1,0.947,170.18,239.05,328.98,488.73,249.58,363.89
LAT_FORM_FB_AD_AV_041.jpg,2,0.927,828.31,530.05,975.84,931.53,902.08,730.79
LAT_FORM_FB_AD_AV_041.jpg,3,0.92,574.19,385.5,719.43,689.49,646.81,537.5
LAT_FORM_FB_AD_AV_041.jpg,4,0.906,1157.7,252.46,1250.94,491.64,1204.32,372.05
LAT_FORM_FB_AD_AV_041.jpg,5,0.904,780.52,229.87,867.06,490.52,823.79,360.2
LAT_FORM_FB_AD_AV_041.jpg,6,0.854,1025.95,356.21,1137.89,630.3,1081.92,493.25
LAT_FORM_FB_AD_AV_041.jpg,7,0.845,1243.58,172.68,1322.81,401.84,1283.2,287.26
LAT_FORM_FB_AD_AV_042.jpg,1,0.961,822.78,491.74,1053.78,845.19,938.28,668.46
LAT_FORM_FB_AD_AV_042.jpg,2,0.955,446.83,546.49,667.7,924.44,557.26,735.46
LAT_FORM_FB_AD_AV_042.jpg,3,0.937,192.36,503.75,423.51,861.21,307.94,682.48
LAT_FORM_FB_AD_AV_042.jpg,4,0.934,1374.01,448.38,1531.2,770.13,1452.6,609.26
LAT_FORM_FB_AD_AV_042.jpg,5,0.929,1126.78,452.46,1304.99,794.56,1215.88,623.51
LAT_FORM_FB_AD_AV_043.jpg,1,0.931,315.89,417.68,467.35,733.69,391.62,575.69
LAT_FORM_FB_AD_AV_043.jpg,2,0.929,1345.48,396.39,1492.65,659.09,1419.06,527.74
LAT_FORM_FB_AD_AV_043.jpg,3,0.928,553.92,472.63,719.61,796.85,636.76,634.74
LAT_FORM_FB_AD_AV_043.jpg,4,0.914,821.14,427.84,958.74,735.24,889.94,581.54
LAT_FORM_FB_AD_AV_043.jpg,5,0.894,1059.85,407.21,1205.9,694.9,1132.88,551.05
LAT_FORM_FB_AD_AV_044.jpg,1,0.963,612.25,413.83,827.36,733.21,719.81,573.52
LAT_FORM_FB_AD_AV_044.jpg,2,0.951,342.32,442.84,551.14,750.4,446.73,596.62
LAT_FORM_FB_AD_AV_044.jpg,3,0.946,901.79,441.71,1077.67,737.16,989.73,589.43
LAT_FORM_FB_AD_AV_044.jpg,4,0.913,1161.1,418.58,1339.18,735.15,1250.14,576.87
LAT_FORM_FB_AD_AV_045.jpg,1,0.954,1079.97,397.21,1273.64,637.52,1176.8,517.37
LAT_FORM_FB_AD_AV_045.jpg,2,0.945,427.05,412.76,621.65,661.28,524.35,537.02
LAT_FORM_FB_AD_AV_045.jpg,3,0.926,683.79,378.13,815.97,630.02,749.88,504.07
LAT_FORM_FB_AD_AV_045.jpg,4,0.884,920.22,420.66,1036.15,664.35,978.19,542.51
LAT_FORM_FB_AD_AV_046.jpg,1,0.941,783.54,477.18,941.48,734.05,862.51,605.61
LAT_FORM_FB_AD_AV_046.jpg,2,0.94,570.95,438.07,727.19,696.19,649.07,567.13
LAT_FORM_FB_AD_AV_046.jpg,3,0.937,1243.72,437.03,1375.03,684.23,1309.38,560.63
LAT_FORM_FB_AD_AV_046.jpg,4,0.934,350.13,471.92,494.91,739.7,422.52,605.81
LAT_FORM_FB_AD_AV_046.jpg,5,0.525,1035.59,458.03,1165.32,701.05,1100.45,579.54
LAT_FORM_FB_AD_AV_046.jpg,6,0.492,1439.7,419.61,1553.94,642.1,1496.82,530.86
LAT_FORM_FB_AD_AV_047.jpg,1,0.963,938.33,526.63,1086.19,779.09,1012.26,652.86
LAT_FORM_FB_AD_AV_047.jpg,2,0.781,618.19,555.96,758.29,826.58,688.24,691.27
LAT_FORM_FB_AD_AV_047.jpg,3,0.654,202.31,533.62,388.02,819.84,295.17,676.73
LAT_FORM_FB_AD_AV_047.jpg,4,0.464,203.17,533.13,389.66,819.18,296.42,676.16
LAT_FORM_FB_AD_AV_048.jpg,1,0.946,1122.32,521.96,1264.01,788.39,1193.16,655.18
LAT_FORM_FB_AD_AV_048.jpg,2,0.925,877.36,569.93,1013.62,868.11,945.49,719.02
LAT_FORM_FB_AD_AV_048.jpg,3,0.925,673.22,525.7,825.24,792.32,749.23,659.01
LAT_FORM_FB_AD_AV_048.jpg,4,0.915,1299.66,573.56,1442.79,847.09,1371.23,710.33
LAT_FORM_FB_AD_AV_049.jpg,1,0.95,982.93,570.98,1120.69,892.05,1051.81,731.52
LAT_FORM_FB_AD_AV_049.jpg,2,0.938,1418.64,521.74,1602.99,798.93,1510.82,660.33
LAT_FORM_FB_AD_AV_049.jpg,3,0.934,704.4,512.92,843.07,824.92,773.74,668.92
LAT_FORM_FB_AD_AV_049.jpg,4,0.916,1243.68,549.51,1381.96,837.16,1312.82,693.33
LAT_FORM_FB_AD_AV_049.jpg,5,0.89,547.07,490.19,694.68,768.42,620.87,629.3
LAT_FORM_FB_AD_AV_050.jpg,1,0.958,1402.06,552.33,1697.29,838.09,1549.68,695.21
LAT_FORM_FB_AD_AV_050.jpg,2,0.952,464.23,546.79,747.51,821.11,605.87,683.95
LAT_FORM_FB_AD_AV_050.jpg,3,0.937,942.2,551.79,1229.9,825.67,1086.05,688.73
LAT_FORM_FB_AD_AV_051.jpg,1,0.958,527.22,543.63,758.38,821.52,642.8,682.57
LAT_FORM_FB_AD_AV_051.jpg,2,0.956,961.72,544.02,1189.75,847.78,1075.74,695.9
LAT_FORM_FB_AD_AV_051.jpg,3,0.906,1255.22,498.67,1441.77,764.56,1348.5,631.61
LAT_FORM_FB_AD_AV_051.jpg,4,0.604,1485.94,538.37,1672.49,825.37,1579.22,681.87
LAT_FORM_FB_AD_AV_051.jpg,5,0.424,1484.07,539.97,1672.52,824.96,1578.3,682.46
LAT_FORM_FB_AD_AV_052.jpg,1,0.932,890.98,505.21,1046.02,755.95,968.5,630.58
LAT_FORM_FB_AD_AV_052.jpg,2,0.919,1150.95,496.42,1313.04,768.05,1231.99,632.24
LAT_FORM_FB_AD_AV_052.jpg,3,0.899,1416.03,501.25,1583.02,765.06,1499.52,633.16
LAT_FORM_FB_AD_AV_053.jpg,1,0.975,1390.79,426.98,1698.19,797.61,1544.49,612.29
LAT_FORM_FB_AD_AV_053.jpg,2,0.965,227.77,402.56,476.47,773.99,352.12,588.27
LAT_FORM_FB_AD_AV_053.jpg,3,0.954,1145.44,390.43,1381.48,745.16,1263.46,567.79
LAT_FORM_FB_AD_AV_053.jpg,4,0.954,791.24,391.87,1075.89,783.06,933.56,587.47
LAT_FORM_FB_AD_AV_054.jpg,1,0.955,802.18,499.58,947.78,777.9,874.98,638.74
LAT_FORM_FB_AD_AV_054.jpg,2,0.953,1550.06,502.68,1734.12,783.41,1642.09,643.04
LAT_FORM_FB_AD_AV_054.jpg,3,0.951,1132.17,502.66,1311.36,803.86,1221.77,653.26
LAT_FORM_FB_AD_AV_054.jpg,4,0.94,979.14,488.3,1127.21,752.54,1053.18,620.42
LAT_FORM_FB_AD_AV_054.jpg,5,0.927,1330.07,459.46,1476.37,734.35,1403.22,596.91
LAT_FORM_FB_AD_AV_055.jpg,1,0.954,386.18,423.44,637.07,680.61,511.62,552.02
LAT_FORM_FB_AD_AV_055.jpg,2,0.949,706.84,483.49,965.21,726.63,836.03,605.06
LAT_FORM_FB_AD_AV_055.jpg,3,0.523,986.62,496.53,1264.93,763.51,1125.78,630.02
LAT_FORM_FB_AD_AV_056.jpg,1,0.942,887.53,584.34,1031.53,816.4,959.53,700.37
LAT_FORM_FB_AD_AV_056.jpg,2,0.942,1034.23,610.65,1208.93,865.39,1121.58,738.02
LAT_FORM_FB_AD_AV_056.jpg,3,0.922,1417.81,589.34,1546.33,831.41,1482.07,710.38
LAT_FORM_FB_AD_AV_056.jpg,4,0.876,785.07,531.38,893.97,747.65,839.52,639.51
LAT_FORM_FB_AD_AV_057.jpg,1,0.958,1056.33,634.14,1292.06,900.43,1174.19,767.28
LAT_FORM_FB_AD_AV_057.jpg,2,0.934,791.87,581.01,952.93,812.2,872.4,696.6
LAT_FORM_FB_AD_AV_057.jpg,3,0.927,1280.23,590.33,1454.2,810.05,1367.22,700.19
LAT_FORM_FB_AD_AV_058.jpg,1,0.946,935.07,605.36,1111.7,839.52,1023.38,722.44
LAT_FORM_FB_AD_AV_058.jpg,2,0.945,687.84,644.58,870.71,901.15,779.28,772.87
LAT_FORM_FB_AD_AV_058.jpg,3,0.942,1432.29,584.66,1578.79,800.52,1505.54,692.59
LAT_FORM_FB_AD_AV_058.jpg,4,0.934,469.06,565.36,628.42,777.31,548.74,671.33
LAT_FORM_FB_AD_AV_058.jpg,5,0.899,1252.82,672.87,1449.42,919.14,1351.12,796.01
LAT_FORM_FB_AD_AV_059.jpg,1,0.962,701.35,588.53,892.74,831.49,797.04,710.01
LAT_FORM_FB_AD_AV_059.jpg,2,0.936,446.28,636.16,646.56,891.0,546.42,763.58
LAT_FORM_FB_AD_AV_059.jpg,3,0.935,1034.19,633.73,1208.18,893.29,1121.18,763.51
LAT_FORM_FB_AD_AV_059.jpg,4,0.81,1208.94,566.11,1401.52,782.12,1305.23,674.12
LAT_FORM_FB_AD_AV_059.jpg,5,0.635,251.07,557.3,440.74,781.57,345.91,669.44
LAT_FORM_FB_AD_AV_060.jpg,1,0.932,463.01,634.57,649.62,896.79,556.31,765.68
LAT_FORM_FB_AD_AV_060.jpg,2,0.859,248.64,555.71,454.43,778.41,351.54,667.06
LAT_FORM_FB_AD_AV_060.jpg,3,0.58,1238.52,562.06,1382.67,788.64,1310.59,675.35
LAT_FORM_FB_AD_AV_061.jpg,1,0.974,1212.17,554.5,1369.4,797.8,1290.79,676.15
LAT_FORM_FB_AD_AV_061.jpg,2,0.949,966.25,624.59,1122.59,915.98,1044.42,770.29
LAT_FORM_FB_AD_AV_061.jpg,3,0.938,689.51,580.26,838.9,856.07,764.21,718.16
LAT_FORM_FB_AD_AV_061.jpg,4,0.933,385.1,613.79,542.17,910.78,463.64,762.29
LAT_FORM_FB_AD_AV_061.jpg,5,0.933,174.2,539.49,291.15,790.93,232.67,665.21
LAT_FORM_FB_AD_AV_062.jpg,1,0.955,1525.08,521.48,1709.32,811.5,1617.2,666.49
LAT_FORM_FB_AD_AV_062.jpg,2,0.951,373.07,499.09,530.47,782.81,451.77,640.95
LAT_FORM_FB_AD_AV_062.jpg,3,0.941,1354.18,599.9,1491.71,947.57,1422.95,773.74
LAT_FORM_FB_AD_AV_062.jpg,4,0.941,710.66,516.0,839.43,803.77,775.04,659.88
LAT_FORM_FB_AD_AV_062.jpg,5,0.94,1208.47,527.39,1342.66,822.23,1275.57,674.81
LAT_FORM_FB_AD_AV_062.jpg,6,0.912,546.74,584.3,714.03,934.8,630.39,759.55
LAT_FORM_FB_AD_AV_062.jpg,7,0.9,939.27,546.45,1068.55,885.88,1003.91,716.16
LAT_FORM_FB_AD_AV_063.jpg,1,0.963,1160.26,562.1,1336.08,773.22,1248.17,667.66
LAT_FORM_FB_AD_AV_063.jpg,2,0.931,701.43,565.17,880.06,758.99,790.74,662.08
LAT_FORM_FB_AD_AV_063.jpg,3,0.845,941.98,597.76,1125.67,826.76,1033.82,712.26
LAT_FORM_FB_AD_AV_063.jpg,4,0.824,1378.75,609.22,1598.44,816.62,1488.6,712.92
LAT_FORM_FB_AD_AV_064.jpg,1,0.951,683.9,469.36,792.53,743.77,738.22,606.56
LAT_FORM_FB_AD_AV_064.jpg,2,0.937,1265.88,427.19,1397.48,705.26,1331.68,566.23
LAT_FORM_FB_AD_AV_064.jpg,3,0.925,891.07,486.28,1022.12,780.25,956.6,633.26
LAT_FORM_FB_AD_AV_064.jpg,4,0.914,1115.8,465.81,1243.33,751.0,1179.56,608.4
LAT_FORM_FB_AD_AV_064.jpg,5,0.843,793.98,411.77,897.13,669.09,845.56,540.43
LAT_FORM_FB_AD_AV_064.jpg,6,0.779,570.6,453.84,673.07,708.31,621.84,581.07
LAT_FORM_FB_AD_AV_064.jpg,7,0.49,1018.78,416.12,1120.96,671.38,1069.87,543.75
LAT_FORM_FB_AD_AV_065.jpg,1,0.958,868.19,365.42,1080.46,795.85,974.32,580.63
LAT_FORM_FB_AD_AV_065.jpg,2,0.954,1107.06,302.11,1287.26,733.71,1197.16,517.91
LAT_FORM_FB_AD_AV_065.jpg,3,0.94,511.78,442.61,706.98,837.54,609.38,640.07
LAT_FORM_FB_AD_AV_065.jpg,4,0.932,1306.03,237.87,1458.27,617.32,1382.15,427.6
LAT_FORM_FB_AD_AV_065.jpg,5,0.923,1419.38,384.03,1625.16,856.34,1522.27,620.18
LAT_FORM_FB_AD_AV_065.jpg,6,0.895,672.32,334.64,834.66,749.23,753.49,541.93
LAT_FORM_FB_AD_AV_066.jpg,1,0.876,746.49,368.63,1111.21,769.46,928.85,569.05
LAT_FORM_FB_AD_AV_066.jpg,2,0.865,1290.4,401.35,1644.28,842.76,1467.34,622.05
LAT_FORM_FB_AD_AV_066.jpg,3,0.724,389.49,440.5,735.31,795.88,562.4,618.19
LAT_FORM_FB_AD_AV_067.jpg,1,0.942,1587.64,340.56,1774.56,777.59,1681.1,559.07
LAT_FORM_FB_AD_AV_067.jpg,2,0.938,1254.6,331.77,1445.75,773.5,1350.17,552.63
LAT_FORM_FB_AD_AV_067.jpg,3,0.908,492.88,337.8,683.99,745.86,588.43,541.83
LAT_FORM_FB_AD_AV_067.jpg,4,0.755,834.2,351.66,1016.01,774.84,925.1,563.25
LAT_FORM_FB_AD_AV_068.jpg,1,0.971,710.33,423.97,893.87,754.95,802.1,589.46
LAT_FORM_FB_AD_AV_068.jpg,2,0.955,1279.3,417.64,1483.41,769.53,1381.36,593.58
LAT_FORM_FB_AD_AV_068.jpg,3,0.953,912.51,421.59,1117.7,747.61,1015.11,584.6
LAT_FORM_FB_AD_AV_068.jpg,4,0.92,1548.34,412.28,1731.72,762.55,1640.03,587.41
LAT_FORM_FB_AD_AV_069.jpg,1,0.959,1340.62,416.33,1519.43,770.52,1430.03,593.43
LAT_FORM_FB_AD_AV_069.jpg,2,0.959,670.44,435.89,929.09,753.11,799.76,594.5
LAT_FORM_FB_AD_AV_069.jpg,3,0.947,373.9,454.84,652.56,800.34,513.23,627.59
LAT_FORM_FB_AD_AV_069.jpg,4,0.929,957.31,443.41,1290.67,795.96,1123.99,619.68
LAT_FORM_FB_AD_AV_070.jpg,1,0.976,1259.31,416.98,1425.99,763.03,1342.65,590.01
LAT_FORM_FB_AD_AV_070.jpg,2,0.956,930.2,446.15,1119.49,824.95,1024.85,635.55
LAT_FORM_FB_AD_AV_070.jpg,3,0.947,602.35,429.01,784.48,767.53,693.42,598.27
LAT_FORM_FB_AD_AV_070.jpg,4,0.73,275.43,462.68,504.94,817.25,390.19,639.96
LAT_FORM_FB_AD_AV_071.jpg,1,0.931,1067.37,439.84,1190.87,788.21,1129.12,614.03
LAT_FORM_FB_AD_AV_071.jpg,2,0.921,1293.73,412.33,1420.6,725.53,1357.17,568.93
LAT_FORM_FB_AD_AV_071.jpg,3,0.871,480.22,417.63,589.13,727.34,534.67,572.49
LAT_FORM_FB_AD_AV_071.jpg,4,0.606,792.62,394.59,888.39,702.57,840.5,548.58
LAT_FORM_FB_AD_AV_072.jpg,1,0.93,1397.14,301.65,1496.32,602.78,1446.73,452.22
LAT_FORM_FB_AD_AV_072.jpg,2,0.914,528.17,306.14,637.75,592.66,582.96,449.4
LAT_FORM_FB_AD_AV_072.jpg,3,0.898,1226.5,350.48,1323.74,663.22,1275.12,506.85
LAT_FORM_FB_AD_AV_072.jpg,4,0.897,684.21,339.63,778.34,639.37,731.28,489.5
LAT_FORM_FB_AD_AV_072.jpg,5,0.886,976.1,408.66,1100.88,736.06,1038.49,572.36
LAT_FORM_FB_AD_AV_072.jpg,6,0.851,1130.35,296.22,1231.06,597.97,1180.7,447.09
LAT_FORM_FB_AD_AV_072.jpg,7,0.73,796.27,277.39,923.94,594.36,860.11,435.87
LAT_FORM_FB_AD_AV_073.jpg,1,0.952,693.85,344.21,939.0,638.61,816.42,491.41
LAT_FORM_FB_AD_AV_073.jpg,2,0.941,1178.14,348.27,1388.83,658.87,1283.48,503.57
LAT_FORM_FB_AD_AV_073.jpg,3,0.925,1387.03,312.54,1557.96,604.31,1472.5,458.42
LAT_FORM_FB_AD_AV_073.jpg,4,0.756,512.02,302.21,710.05,592.84,611.03,447.53
LAT_FORM_FB_AD_AV_073.jpg,5,0.44,958.89,402.76,1174.82,741.96,1066.85,572.36
LAT_FORM_FB_AD_AV_074.jpg,1,0.945,473.25,482.03,650.09,751.54,561.67,616.79
LAT_FORM_FB_AD_AV_074.jpg,2,0.927,841.73,543.27,1024.12,850.39,932.93,696.83
LAT_FORM_FB_AD_AV_074.jpg,3,0.922,1351.51,417.61,1493.81,697.99,1422.66,557.8
LAT_FORM_FB_AD_AV_074.jpg,4,0.9,1212.52,479.19,1352.6,766.73,1282.56,622.96
LAT_FORM_FB_AD_AV_074.jpg,5,0.583,664.11,429.08,803.41,698.05,733.76,563.56
LAT_FORM_FB_AD_AV_074.jpg,6,0.411,980.89,414.97,1094.05,680.08,1037.47,547.52
LAT_FORM_FB_AD_AV_075.jpg,1,0.943,339.02,450.81,488.13,732.07,413.57,591.44
LAT_FORM_FB_AD_AV_075.jpg,2,0.927,650.27,490.57,802.06,801.76,726.17,646.17
LAT_FORM_FB_AD_AV_075.jpg,3,0.89,1068.19,453.81,1213.92,741.95,1141.06,597.88
LAT_FORM_FB_AD_AV_076.jpg,1,0.961,966.78,540.61,1209.05,858.52,1087.92,699.57
LAT_FORM_FB_AD_AV_076.jpg,2,0.946,407.45,473.54,604.28,773.94,505.87,623.74
LAT_FORM_FB_AD_AV_076.jpg,3,0.938,1313.9,473.02,1616.4,770.73,1465.15,621.88
LAT_FORM_FB_AD_AV_076.jpg,4,0.927,663.54,519.6,879.48,833.83,771.51,676.71
LAT_FORM_FB_AD_AV_077.jpg,1,0.945,740.16,408.51,869.51,683.99,804.84,546.25
LAT_FORM_FB_AD_AV_077.jpg,2,0.944,617.44,386.04,723.49,644.97,670.47,515.5
LAT_FORM_FB_AD_AV_077.jpg,3,0.94,1077.36,489.02,1208.05,785.73,1142.71,637.38
LAT_FORM_FB_AD_AV_077.jpg,4,0.937,1305.4,452.67,1482.25,743.18,1393.82,597.93
LAT_FORM_FB_AD_AV_077.jpg,5,0.909,891.38,428.47,1007.41,729.31,949.4,578.89
LAT_FORM_FB_AD_AV_078.jpg,1,0.949,1314.17,444.97,1434.84,734.38,1374.51,589.68
LAT_FORM_FB_AD_AV_078.jpg,2,0.949,736.47,407.35,863.74,682.52,800.11,544.93
LAT_FORM_FB_AD_AV_078.jpg,3,0.94,1079.82,495.37,1214.25,780.51,1147.04,637.94
LAT_FORM_FB_AD_AV_078.jpg,4,0.938,604.68,393.04,723.45,646.13,664.06,519.59
LAT_FORM_FB_AD_AV_078.jpg,5,0.92,875.72,436.05,999.65,717.09,937.69,576.57
LAT_FORM_FB_AD_AV_078.jpg,6,0.781,985.81,378.52,1091.12,646.98,1038.46,512.75
LAT_FORM_FB_AD_AV_079.jpg,1,0.939,723.09,401.62,860.06,679.5,791.57,540.56
LAT_FORM_FB_AD_AV_079.jpg,2,0.925,598.19,390.45,721.54,643.99,659.86,517.22
LAT_FORM_FB_AD_AV_079.jpg,3,0.922,1292.9,441.99,1429.16,734.77,1361.03,588.38
LAT_FORM_FB_AD_AV_079.jpg,4,0.919,886.45,424.26,997.59,725.1,942.02,574.68
LAT_FORM_FB_AD_AV_079.jpg,5,0.507,1068.89,488.76,1212.75,776.33,1140.82,632.54
LAT_FORM_FB_AD_AV_079.jpg,6,0.486,1065.79,487.33,1213.26,779.02,1139.53,633.17
LAT_FORM_FB_AD_AV_079.jpg,7,0.424,982.95,378.13,1092.33,640.26,1037.64,509.2
LAT_FORM_FB_AD_AV_080.jpg,1,0.935,1086.48,521.64,1234.74,762.32,1160.61,641.98
LAT_FORM_FB_AD_AV_080.jpg,2,0.92,719.54,495.09,883.47,698.14,801.5,596.62
LAT_FORM_FB_AD_AV_080.jpg,3,0.911,1333.99,494.47,1513.66,739.52,1423.83,616.99
LAT_FORM_FB_AD_AV_080.jpg,4,0.796,898.47,483.18,1089.62,727.25,994.04,605.21
LAT_FORM_FB_AD_AV_080.jpg,5,0.463,638.17,433.01,758.38,640.17,698.28,536.59
LAT_FORM_FB_AD_AV_081.jpg,1,0.955,1409.04,428.07,1606.05,762.61,1507.55,595.34
LAT_FORM_FB_AD_AV_081.jpg,2,0.945,1087.11,477.69,1274.37,805.03,1180.74,641.36
LAT_FORM_FB_AD_AV_081.jpg,3,0.939,902.04,411.0,1028.51,743.2,965.28,577.1
LAT_FORM_FB_AD_AV_081.jpg,4,0.917,534.32,358.34,671.12,648.71,602.72,503.52
LAT_FORM_FB_AD_AV_081.jpg,5,0.913,778.91,307.86,904.53,616.44,841.72,462.15
LAT_FORM_FB_AD_AV_081.jpg,6,0.789,657.81,394.06,781.83,715.56,719.82,554.81
LAT_FORM_FB_AD_AV_082.jpg,1,0.964,563.51,387.35,822.92,743.83,693.21,565.59
LAT_FORM_FB_AD_AV_082.jpg,2,0.959,810.32,464.76,1142.09,834.73,976.2,649.75
LAT_FORM_FB_AD_AV_082.jpg,3,0.94,283.57,366.32,548.08,716.95,415.82,541.63
LAT_FORM_FB_AD_AV_082.jpg,4,0.937,1156.69,416.29,1395.71,776.5,1276.2,596.39
LAT_FORM_FB_AD_AV_083.jpg,1,0.931,1261.32,429.93,1412.3,737.08,1336.81,583.5
LAT_FORM_FB_AD_AV_083.jpg,2,0.92,671.99,374.55,795.05,676.72,733.52,525.64
LAT_FORM_FB_AD_AV_083.jpg,3,0.919,788.31,407.57,924.04,710.56,856.17,559.06
LAT_FORM_FB_AD_AV_083.jpg,4,0.894,246.31,386.58,367.34,668.42,306.83,527.5
LAT_FORM_FB_AD_AV_083.jpg,5,0.886,357.62,404.6,479.99,700.94,418.81,552.77
LAT_FORM_FB_AD_AV_083.jpg,6,0.653,1027.24,480.41,1187.17,774.17,1107.2,627.29
LAT_FORM_FB_AD_AV_084.jpg,1,0.925,1045.75,472.68,1163.18,796.67,1104.46,634.68
LAT_FORM_FB_AD_AV_084.jpg,2,0.92,662.36,366.57,760.62,682.68,711.49,524.63
LAT_FORM_FB_AD_AV_084.jpg,3,0.904,344.95,395.59,429.38,731.08,387.16,563.33
LAT_FORM_FB_AD_AV_084.jpg,4,0.891,1280.59,427.84,1387.72,761.5,1334.15,594.67
LAT_FORM_FB_AD_AV_084.jpg,5,0.884,238.12,359.37,325.19,684.33,281.66,521.85
LAT_FORM_FB_AD_AV_084.jpg,6,0.878,442.13,322.09,537.86,634.4,489.99,478.24
LAT_FORM_FB_AD_AV_084.jpg,7,0.877,787.4,405.56,873.85,737.44,830.63,571.5
LAT_FORM_FB_AD_AV_085.jpg,1,0.968,317.66,402.95,457.89,711.55,387.78,557.25
LAT_FORM_FB_AD_AV_085.jpg,2,0.951,758.11,411.15,886.61,716.82,822.36,563.99
LAT_FORM_FB_AD_AV_085.jpg,3,0.945,1225.41,433.73,1396.66,740.15,1311.03,586.94
LAT_FORM_FB_AD_AV_085.jpg,4,0.864,656.07,366.22,753.83,666.05,704.95,516.13
LAT_FORM_FB_AD_AV_085.jpg,5,0.826,220.84,359.04,314.56,667.53,267.7,513.29
LAT_FORM_FB_AD_AV_085.jpg,6,0.729,1021.92,481.56,1171.42,775.44,1096.67,628.5
LAT_FORM_FB_AD_AV_086.jpg,1,0.944,1369.41,392.79,1494.91,669.93,1432.16,531.36
LAT_FORM_FB_AD_AV_086.jpg,2,0.942,966.25,358.66,1081.59,659.64,1023.92,509.15
LAT_FORM_FB_AD_AV_086.jpg,3,0.921,1154.06,418.34,1258.12,753.47,1206.09,585.9
LAT_FORM_FB_AD_AV_086.jpg,4,0.901,464.54,373.42,556.98,655.98,510.76,514.7
LAT_FORM_FB_AD_AV_086.jpg,5,0.886,689.74,400.21,790.61,738.43,740.17,569.32
LAT_FORM_FB_AD_AV_087.jpg,1,0.96,1066.6,453.81,1366.56,746.16,1216.58,599.99
LAT_FORM_FB_AD_AV_087.jpg,2,0.958,630.66,441.14,922.28,723.45,776.47,582.29
LAT_FORM_FB_AD_AV_087.jpg,3,0.903,1400.37,423.1,1646.51,685.42,1523.44,554.26
LAT_FORM_FB_AD_AV_088.jpg,1,0.961,1060.56,446.39,1375.2,745.15,1217.88,595.77
LAT_FORM_FB_AD_AV_088.jpg,2,0.957,645.39,429.04,919.4,719.03,782.39,574.03
LAT_FORM_FB_AD_AV_088.jpg,3,0.902,1399.78,415.97,1681.14,674.11,1540.46,545.04
LAT_FORM_FB_AD_AV_089.jpg,1,0.954,827.1,379.09,923.03,605.33,875.07,492.21
LAT_FORM_FB_AD_AV_089.jpg,2,0.953,610.27,481.48,735.22,761.99,672.74,621.74
LAT_FORM_FB_AD_AV_089.jpg,3,0.921,978.52,451.68,1080.19,708.06,1029.36,579.87
LAT_FORM_FB_AD_AV_089.jpg,4,0.681,444.71,459.62,565.74,714.36,505.23,586.99
LAT_FORM_FB_AD_AV_090.jpg,1,0.933,132.26,652.26,404.37,892.76,268.31,772.51
LAT_FORM_FB_AD_AV_090.jpg,2,0.925,865.6,549.66,1036.23,750.75,950.92,650.2
LAT_FORM_FB_AD_AV_090.jpg,3,0.908,1205.28,520.5,1385.08,680.53,1295.18,600.51
LAT_FORM_FB_AD_AV_090.jpg,4,0.904,459.76,636.33,690.07,839.66,574.91,737.99
LAT_FORM_FB_AD_AV_090.jpg,5,0.887,700.58,578.34,796.65,786.86,748.61,682.6
LAT_FORM_FB_AD_AV_090.jpg,6,0.885,1594.44,468.59,1683.94,631.59,1639.19,550.09
LAT_FORM_FB_AD_AV_090.jpg,7,0.792,1400.16,468.09,1489.45,647.89,1444.8,557.99
LAT_FORM_FB_AD_AV_090.jpg,8,0.783,1032.7,540.42,1211.74,711.4,1122.22,625.91
LAT_FORM_FB_AD_AV_091.jpg,1,0.961,615.41,594.32,735.69,821.03,675.55,707.67
LAT_FORM_FB_AD_AV_091.jpg,2,0.948,1263.13,471.55,1370.88,644.1,1317.0,557.83
LAT_FORM_FB_AD_AV_091.jpg,3,0.945,806.91,567.99,929.65,770.04,868.28,669.02
LAT_FORM_FB_AD_AV_091.jpg,4,0.943,944.75,533.54,1078.79,733.18,1011.77,633.36
LAT_FORM_FB_AD_AV_091.jpg,5,0.938,1095.74,514.23,1229.57,676.04,1162.66,595.13
LAT_FORM_FB_AD_AV_091.jpg,6,0.934,1439.96,474.78,1544.94,625.0,1492.45,549.89
LAT_FORM_FB_AD_AV_091.jpg,7,0.824,318.94,604.48,458.39,848.19,388.66,726.33
LAT_FORM_FB_AD_AV_092.jpg,1,0.955,840.1,583.97,952.46,782.37,896.28,683.17
LAT_FORM_FB_AD_AV_092.jpg,2,0.929,1062.6,575.87,1175.84,785.27,1119.22,680.57
LAT_FORM_FB_AD_AV_092.jpg,3,0.868,986.77,478.86,1070.27,666.88,1028.52,572.87
LAT_FORM_FB_AD_AV_092.jpg,4,0.858,625.8,571.07,737.96,786.37,681.88,678.72
LAT_FORM_FB_AD_AV_092.jpg,5,0.609,724.41,521.01,810.97,700.17,767.69,610.59
LAT_FORM_FB_AD_AV_093.jpg,1,0.961,1328.77,509.78,1476.35,825.92,1402.56,667.85
LAT_FORM_FB_AD_AV_093.jpg,2,0.949,647.37,524.51,827.79,851.82,737.58,688.17
LAT_FORM_FB_AD_AV_093.jpg,3,0.948,1110.73,577.88,1269.38,866.32,1190.05,722.1
LAT_FORM_FB_AD_AV_093.jpg,4,0.938,874.09,591.7,1045.49,901.81,959.79,746.76
LAT_FORM_FB_AD_AV_093.jpg,5,0.758,501.56,492.29,631.68,787.67,566.62,639.98
LAT_FORM_FB_AD_AV_093.jpg,6,0.663,500.82,493.45,631.8,789.99,566.31,641.72
LAT_FORM_FB_AD_AV_094.jpg,1,0.948,937.63,529.99,1118.37,803.38,1028.0,666.69
LAT_FORM_FB_AD_AV_094.jpg,2,0.934,717.03,480.93,864.99,710.58,791.01,595.75
LAT_FORM_FB_AD_AV_094.jpg,3,0.884,476.72,440.65,591.63,803.25,534.18,621.95
LAT_FORM_FB_AD_AV_094.jpg,4,0.833,1279.06,486.05,1400.01,778.36,1339.53,632.2
LAT_FORM_FB_AD_AV_095.jpg,1,0.94,1239.9,521.79,1395.36,790.95,1317.63,656.37
LAT_FORM_FB_AD_AV_095.jpg,2,0.929,964.13,506.26,1074.09,807.13,1019.11,656.69
LAT_FORM_FB_AD_AV_095.jpg,3,0.928,708.43,482.31,843.28,710.83,775.85,596.57
LAT_FORM_FB_AD_AV_095.jpg,4,0.907,1079.47,483.1,1223.57,720.53,1151.52,601.81
LAT_FORM_FB_AD_AV_095.jpg,5,0.884,476.1,443.53,619.3,796.59,547.7,620.06
LAT_FORM_FB_AD_AV_096.jpg,1,0.933,756.03,423.66,874.2,641.26,815.12,532.46
LAT_FORM_FB_AD_AV_096.jpg,2,0.933,1074.75,478.72,1209.43,705.57,1142.09,592.14
LAT_FORM_FB_AD_AV_096.jpg,3,0.925,1369.86,436.55,1484.52,640.86,1427.19,538.7
LAT_FORM_FB_AD_AV_096.jpg,4,0.911,1224.34,456.23,1342.39,677.5,1283.36,566.87
LAT_FORM_FB_AD_AV_096.jpg,5,0.858,910.11,456.08,1025.0,673.36,967.55,564.72
LAT_FORM_FB_AD_AV_097.jpg,1,0.951,625.62,395.48,957.99,735.27,791.81,565.37
LAT_FORM_FB_AD_AV_097.jpg,2,0.946,1429.76,403.94,1754.81,740.19,1592.29,572.06
LAT_FORM_FB_AD_AV_097.jpg,3,0.834,1091.4,411.26,1368.18,745.53,1229.79,578.4
LAT_FORM_FB_AD_AV_098.jpg,1,0.95,846.45,352.24,963.62,648.78,905.03,500.51
LAT_FORM_FB_AD_AV_098.jpg,2,0.943,470.01,339.63,593.91,650.77,531.96,495.2
LAT_FORM_FB_AD_AV_098.jpg,3,0.941,596.65,402.99,772.41,739.62,684.53,571.3
LAT_FORM_FB_AD_AV_098.jpg,4,0.934,1403.95,423.17,1575.68,746.67,1489.82,584.92
LAT_FORM_FB_AD_AV_098.jpg,5,0.933,1030.97,430.67,1191.4,738.59,1111.18,584.63
LAT_FORM_FB_AD_AV_098.jpg,6,0.859,1178.42,366.75,1307.46,646.19,1242.94,506.47
LAT_FORM_FB_AD_AV_098.jpg,7,0.562,1178.02,367.36,1307.02,641.72,1242.52,504.54
LAT_FORM_FB_AD_AV_099.jpg,1,0.946,794.15,424.48,988.13,772.63,891.14,598.55
LAT_FORM_FB_AD_AV_099.jpg,2,0.927,1174.18,431.16,1390.3,778.24,1282.24,604.7
LAT_FORM_FB_AD_AV_099.jpg,3,0.869,449.93,394.66,649.34,747.39,549.63,571.02
LAT_FORM_FB_AD_AV_099.jpg,4,0.862,1397.48,378.69,1575.68,691.33,1486.58,535.01
LAT_FORM_FB_AD_AV_099.jpg,5,0.776,1038.98,357.62,1196.15,687.14,1117.56,522.38
LAT_FORM_FB_AD_AV_100.jpg,1,0.953,1259.0,428.11,1449.99,773.48,1354.5,600.8
LAT_FORM_FB_AD_AV_100.jpg,2,0.944,600.99,389.61,781.61,742.59,691.3,566.1
LAT_FORM_FB_AD_AV_100.jpg,3,0.94,878.99,423.46,1099.02,755.42,989.01,589.44
LAT_FORM_FB_AD_AV_100.jpg,4,0.928,1472.89,370.68,1629.63,683.14,1551.26,526.91
LAT_FORM_FB_AD_AV_100.jpg,5,0.428,784.64,344.85,931.21,666.98,857.93,505.91
LAT_FORM_FB_AD_AV_101.jpg,1,0.962,324.69,396.66,613.82,773.01,469.26,584.83
LAT_FORM_FB_AD_AV_101.jpg,2,0.91,729.91,417.6,1044.01,779.07,886.96,598.33
LAT_FORM_FB_AD_AV_102.jpg,1,0.981,345.7,390.7,652.38,725.23,499.04,557.96
LAT_FORM_FB_AD_AV_102.jpg,2,0.979,778.95,419.37,996.29,731.48,887.62,575.43
LAT_FORM_FB_AD_AV_102.jpg,3,0.968,1065.7,417.27,1343.33,739.16,1204.52,578.22
LAT_FORM_FB_AD_AV_102.jpg,4,0.944,1391.93,416.61,1640.6,720.36,1516.26,568.49
LAT_FORM_FB_AD_AV_103.jpg,1,0.955,437.96,388.69,721.75,655.05,579.85,521.87
LAT_FORM_FB_AD_AV_103.jpg,2,0.933,1045.14,400.64,1242.53,659.29,1143.83,529.96
LAT_FORM_FB_AD_AV_103.jpg,3,0.757,777.56,404.28,997.32,653.86,887.44,529.07
LAT_FORM_FB_AD_AV_103.jpg,4,0.735,1285.63,412.22,1530.52,667.59,1408.08,539.91
LAT_FORM_FB_AD_AV_104.jpg,1,0.97,494.07,388.76,736.93,647.57,615.5,518.17
LAT_FORM_FB_AD_AV_104.jpg,2,0.938,1285.83,410.94,1504.47,660.16,1395.15,535.55
LAT_FORM_FB_AD_AV_104.jpg,3,0.929,1044.94,401.9,1244.63,655.43,1144.79,528.67
LAT_FORM_FB_AD_AV_104.jpg,4,0.916,806.49,403.38,1011.08,646.56,908.79,524.97
LAT_FORM_FB_AD_AV_105.jpg,1,0.915,498.12,403.16,670.74,657.49,584.43,530.33
LAT_FORM_FB_AD_AV_105.jpg,2,0.915,752.08,413.87,946.49,663.42,849.29,538.64
LAT_FORM_FB_AD_AV_105.jpg,3,0.898,988.07,411.11,1157.2,666.93,1072.64,539.02
LAT_FORM_FB_AD_AV_105.jpg,4,0.802,1249.81,427.22,1434.54,653.68,1342.17,540.45
LAT_FORM_FB_AD_AV_106.jpg,1,0.949,950.46,438.79,1159.6,656.46,1055.03,547.62
LAT_FORM_FB_AD_AV_106.jpg,2,0.946,706.3,450.21,906.91,657.58,806.6,553.9
LAT_FORM_FB_AD_AV_106.jpg,3,0.943,1220.82,458.87,1415.94,663.59,1318.38,561.23
LAT_FORM_FB_AD_AV_106.jpg,4,0.932,466.52,418.0,676.62,651.8,571.57,534.9
LAT_FORM_FB_AD_AV_107.jpg,1,0.956,957.57,438.96,1156.56,655.78,1057.07,547.37
LAT_FORM_FB_AD_AV_107.jpg,2,0.943,1226.69,448.65,1413.49,663.01,1320.09,555.83
LAT_FORM_FB_AD_AV_107.jpg,3,0.937,713.9,435.05,901.56,657.98,807.73,546.51
LAT_FORM_FB_AD_AV_107.jpg,4,0.935,479.72,427.08,676.56,651.86,578.14,539.47
LAT_FORM_FB_AD_AV_108.jpg,1,0.955,427.16,402.78,530.71,595.39,478.93,499.09
LAT_FORM_FB_AD_AV_108.jpg,2,0.942,989.34,408.74,1097.51,591.18,1043.42,499.96
LAT_FORM_FB_AD_AV_108.jpg,3,0.935,564.56,383.09,680.33,583.84,622.45,483.46
LAT_FORM_FB_AD_AV_108.jpg,4,0.931,1376.38,411.58,1517.7,589.4,1447.04,500.49
LAT_FORM_FB_AD_AV_108.jpg,5,0.924,1252.75,406.87,1360.2,588.66,1306.48,497.76
LAT_FORM_FB_AD_AV_108.jpg,6,0.921,812.0,404.91,932.99,586.61,872.49,495.76
LAT_FORM_FB_AD_AV_108.jpg,7,0.888,686.76,407.99,805.67,586.0,746.22,497.0
LAT_FORM_FB_AD_AV_108.jpg,8,0.883,1110.94,414.27,1214.65,595.6,1162.79,504.93
LAT_FORM_FB_AD_AV_109.jpg,1,0.975,559.3,441.48,789.6,733.75,674.45,587.62
LAT_FORM_FB_AD_AV_109.jpg,2,0.956,1073.92,443.56,1302.54,731.7,1188.23,587.63
LAT_FORM_FB_AD_AV_109.jpg,3,0.922,1329.9,405.29,1548.66,683.29,1439.28,544.29
LAT_FORM_FB_AD_AV_109.jpg,4,0.448,807.7,475.29,1053.57,783.23,930.64,629.26
LAT_FORM_FB_AD_AV_109.jpg,5,0.444,807.87,474.86,1053.61,782.16,930.74,628.51
LAT_FORM_FB_AD_AV_110.jpg,1,0.958,836.71,506.88,1063.29,823.62,950.0,665.25
LAT_FORM_FB_AD_AV_110.jpg,2,0.939,1145.04,471.62,1379.2,796.35,1262.12,633.98
LAT_FORM_FB_AD_AV_110.jpg,3,0.917,1402.47,400.6,1628.36,748.04,1515.41,574.32
LAT_FORM_FB_AD_AV_110.jpg,4,0.464,581.33,465.77,822.41,801.7,701.87,633.73
LAT_FORM_FB_AD_AV_111.jpg,1,0.947,1298.78,490.06,1485.22,739.59,1392.0,614.83
LAT_FORM_FB_AD_AV_111.jpg,2,0.945,778.32,503.31,948.22,748.73,863.27,626.02
LAT_FORM_FB_AD_AV_111.jpg,3,0.942,563.64,478.43,738.09,698.87,650.86,588.65
LAT_FORM_FB_AD_AV_111.jpg,4,0.936,1003.26,485.34,1186.17,704.3,1094.71,594.82
LAT_FORM_FB_AD_AV_112.jpg,1,0.949,626.53,546.02,830.54,752.5,728.53,649.26
LAT_FORM_FB_AD_AV_112.jpg,2,0.94,175.84,466.65,408.92,667.33,292.38,566.99
LAT_FORM_FB_AD_AV_112.jpg,3,0.925,953.36,566.97,1193.33,805.46,1073.35,686.22
LAT_FORM_FB_AD_AV_112.jpg,4,0.916,417.19,496.99,633.91,708.22,525.55,602.6
LAT_FORM_FB_AD_AV_113.jpg,1,0.95,810.98,540.82,1003.02,752.78,907.0,646.8
LAT_FORM_FB_AD_AV_113.jpg,2,0.918,547.84,540.46,706.91,741.61,627.37,641.04
LAT_FORM_FB_AD_AV_113.jpg,3,0.916,1024.02,491.88,1196.23,677.83,1110.13,584.86
LAT_FORM_FB_AD_AV_113.jpg,4,0.768,144.12,539.57,343.16,749.17,243.64,644.37
LAT_FORM_FB_AD_AV_113.jpg,5,0.664,145.9,538.38,344.32,750.77,245.11,644.58
LAT_FORM_FB_AD_AV_114.jpg,1,0.929,831.54,500.59,986.74,768.06,909.14,634.32
LAT_FORM_FB_AD_AV_114.jpg,2,0.928,385.56,451.73,504.03,687.28,444.79,569.5
LAT_FORM_FB_AD_AV_114.jpg,3,0.925,85.02,493.24,235.14,757.39,160.08,625.32
LAT_FORM_FB_AD_AV_114.jpg,4,0.919,1091.83,457.07,1203.36,692.17,1147.6,574.62
LAT_FORM_FB_AD_AV_114.jpg,5,0.914,699.26,444.89,822.55,688.01,760.91,566.45
LAT_FORM_FB_AD_AV_114.jpg,6,0.909,526.88,525.13,658.75,759.07,592.82,642.1
LAT_FORM_FB_AD_AV_115.jpg,1,0.941,736.37,481.79,896.5,731.88,816.44,606.84
LAT_FORM_FB_AD_AV_115.jpg,2,0.941,1375.33,436.9,1530.6,669.97,1452.96,553.44
LAT_FORM_FB_AD_AV_115.jpg,3,0.94,266.43,472.4,436.17,727.32,351.3,599.86
LAT_FORM_FB_AD_AV_115.jpg,4,0.929,575.09,421.85,729.59,649.27,652.34,535.56
LAT_FORM_FB_AD_AV_115.jpg,5,0.918,1095.89,480.17,1264.32,750.03,1180.11,615.1
LAT_FORM_FB_AD_AV_115.jpg,6,0.845,950.12,412.67,1104.57,655.28,1027.34,533.97
LAT_FORM_FB_AD_AV_116.jpg,1,0.948,1384.41,434.1,1565.41,669.29,1474.91,551.7
LAT_FORM_FB_AD_AV_116.jpg,2,0.946,1110.09,486.62,1316.05,753.94,1213.07,620.28
LAT_FORM_FB_AD_AV_116.jpg,3,0.938,276.76,462.11,465.54,726.58,371.15,594.35
LAT_FORM_FB_AD_AV_116.jpg,4,0.934,752.39,473.27,912.86,734.62,832.63,603.95
LAT_FORM_FB_AD_AV_116.jpg,5,0.879,959.32,413.81,1122.59,654.35,1040.95,534.08
LAT_FORM_FB_AD_AV_116.jpg,6,0.775,580.74,407.29,749.05,654.0,664.89,530.64
LAT_FORM_FB_AD_AV_117.jpg,1,0.956,437.23,455.38,626.79,731.46,532.01,593.42
LAT_FORM_FB_AD_AV_117.jpg,2,0.94,1223.1,481.32,1393.12,756.53,1308.11,618.93
LAT_FORM_FB_AD_AV_117.jpg,3,0.936,1483.59,425.21,1629.73,667.24,1556.66,546.23
LAT_FORM_FB_AD_AV_117.jpg,4,0.935,1082.59,400.8,1217.11,663.21,1149.85,532.01
LAT_FORM_FB_AD_AV_117.jpg,5,0.92,813.85,482.0,961.95,747.48,887.9,614.74
LAT_FORM_FB_AD_AV_117.jpg,6,0.705,701.31,400.18,819.64,647.67,760.47,523.92
LAT_FORM_FB_AD_AV_118.jpg,1,0.946,509.78,474.54,674.94,735.22,592.36,604.88
LAT_FORM_FB_AD_AV_118.jpg,2,0.94,1517.88,439.37,1700.02,675.82,1608.95,557.59
LAT_FORM_FB_AD_AV_118.jpg,3,0.938,878.86,485.53,1062.28,745.13,970.57,615.33
LAT_FORM_FB_AD_AV_118.jpg,4,0.934,1279.61,480.32,1490.42,758.29,1385.01,619.3
LAT_FORM_FB_AD_AV_118.jpg,5,0.915,733.89,408.65,872.35,657.83,803.12,533.24
LAT_FORM_FB_AD_AV_118.jpg,6,0.783,1091.27,420.27,1284.29,662.22,1187.78,541.24
LAT_FORM_FB_AD_AV_119.jpg,1,0.956,873.61,407.18,1045.73,660.54,959.67,533.86
LAT_FORM_FB_AD_AV_119.jpg,2,0.951,666.04,473.47,835.67,735.68,750.85,604.58
LAT_FORM_FB_AD_AV_119.jpg,3,0.94,280.42,456.19,461.24,730.31,370.83,593.25
LAT_FORM_FB_AD_AV_119.jpg,4,0.935,494.76,406.67,626.04,659.51,560.4,533.09
LAT_FORM_FB_AD_AV_119.jpg,5,0.934,1083.41,464.7,1223.73,744.49,1153.57,604.59
LAT_FORM_FB_AD_AV_119.jpg,6,0.906,1246.49,422.78,1396.45,662.89,1321.47,542.83
LAT_FORM_FB_AD_AV_120.jpg,1,0.946,1114.01,542.73,1252.14,765.28,1183.07,654.0
LAT_FORM_FB_AD_AV_120.jpg,2,0.928,939.0,517.54,1091.66,719.51,1015.33,618.53
LAT_FORM_FB_AD_AV_120.jpg,3,0.91,434.73,492.96,564.05,715.34,499.39,604.15
LAT_FORM_FB_AD_AV_120.jpg,4,0.898,625.83,537.64,760.67,764.48,693.25,651.06
LAT_FORM_FB_AD_AV_121.jpg,1,0.958,776.84,486.17,939.96,707.33,858.4,596.75
LAT_FORM_FB_AD_AV_121.jpg,2,0.933,1301.76,496.96,1436.69,725.09,1369.23,611.03
LAT_FORM_FB_AD_AV_121.jpg,3,0.92,593.28,428.9,718.0,663.73,655.64,546.32
LAT_FORM_FB_AD_AV_121.jpg,4,0.886,1116.2,471.84,1227.01,681.73,1171.6,576.79
LAT_FORM_FB_AD_AV_122.jpg,1,0.957,668.25,495.77,832.28,756.08,750.26,625.93
LAT_FORM_FB_AD_AV_122.jpg,2,0.945,457.24,444.94,658.25,700.21,557.75,572.57
LAT_FORM_FB_AD_AV_122.jpg,3,0.929,902.05,524.58,1062.63,787.48,982.34,656.03
LAT_FORM_FB_AD_AV_122.jpg,4,0.923,1091.0,510.31,1257.55,770.27,1174.28,640.29
LAT_FORM_FB_AD_AV_122.jpg,5,0.729,1256.06,479.81,1426.25,724.11,1341.15,601.96
LAT_FORM_FB_AD_AV_123.jpg,1,0.95,953.44,495.92,1121.05,740.09,1037.25,618.01
LAT_FORM_FB_AD_AV_123.jpg,2,0.949,753.26,466.19,948.5,699.31,850.88,582.75
LAT_FORM_FB_AD_AV_123.jpg,3,0.926,1116.57,474.77,1292.91,711.42,1204.74,593.1
LAT_FORM_FB_AD_AV_123.jpg,4,0.913,539.14,430.64,769.97,662.8,654.56,546.72
LAT_FORM_FB_AD_AV_124.jpg,1,0.95,507.33,423.8,684.51,662.96,595.92,543.38
LAT_FORM_FB_AD_AV_124.jpg,2,0.944,1010.02,476.55,1175.35,700.53,1092.68,588.54
LAT_FORM_FB_AD_AV_124.jpg,3,0.911,1192.26,451.56,1321.22,671.42,1256.74,561.49
LAT_FORM_FB_AD_AV_124.jpg,4,0.897,860.99,500.43,999.47,735.84,930.23,618.13
LAT_FORM_FB_AD_AV_124.jpg,5,0.863,694.29,476.36,862.97,703.75,778.63,590.05
LAT_FORM_FB_AD_AV_125.jpg,1,0.945,862.16,548.27,987.97,780.61,925.06,664.44
LAT_FORM_FB_AD_AV_125.jpg,2,0.935,1031.68,527.93,1166.84,747.38,1099.26,637.65
LAT_FORM_FB_AD_AV_125.jpg,3,0.933,1203.68,513.63,1335.17,704.64,1269.42,609.13
LAT_FORM_FB_AD_AV_125.jpg,4,0.932,663.49,530.92,852.64,745.9,758.06,638.41
LAT_FORM_FB_AD_AV_125.jpg,5,0.862,483.28,500.69,641.69,704.0,562.49,602.35
LAT_FORM_FB_AD_AV_126.jpg,1,0.96,858.34,553.12,1058.42,747.07,958.38,650.09
LAT_FORM_FB_AD_AV_126.jpg,2,0.949,681.53,516.45,839.34,713.45,760.44,614.95
LAT_FORM_FB_AD_AV_126.jpg,3,0.931,1109.33,535.51,1261.85,718.99,1185.59,627.25
LAT_FORM_FB_AD_AV_126.jpg,4,0.898,515.77,485.51,662.57,667.54,589.17,576.52
LAT_FORM_FB_AD_AV_126.jpg,5,0.84,1340.11,508.08,1443.09,686.57,1391.6,597.33
LAT_FORM_FB_AD_AV_127.jpg,1,0.981,825.43,542.57,1088.1,812.02,956.77,677.29
LAT_FORM_FB_AD_AV_127.jpg,2,0.96,312.06,446.78,524.45,701.79,418.26,574.29
LAT_FORM_FB_AD_AV_127.jpg,3,0.945,1171.92,511.45,1355.6,771.66,1263.76,641.56
LAT_FORM_FB_AD_AV_127.jpg,4,0.905,1482.34,470.16,1617.19,727.84,1549.77,599.0
LAT_FORM_FB_AD_AV_128.jpg,1,0.957,800.98,538.74,1116.84,868.23,958.91,703.49
LAT_FORM_FB_AD_AV_128.jpg,2,0.95,173.73,413.19,406.24,729.63,289.98,571.41
LAT_FORM_FB_AD_AV_128.jpg,3,0.945,481.21,477.57,722.85,810.51,602.03,644.04
LAT_FORM_FB_AD_AV_128.jpg,4,0.935,1233.54,515.44,1491.57,811.97,1362.56,663.71
LAT_FORM_FB_AD_AV_128.jpg,5,0.928,1602.96,467.14,1772.67,763.7,1687.82,615.42
LAT_FORM_FB_AD_AV_129.jpg,1,0.963,431.12,227.88,522.94,382.77,477.03,305.33
LAT_FORM_FB_AD_AV_129.jpg,2,0.961,655.4,241.76,742.63,399.39,699.01,320.58
LAT_FORM_FB_AD_AV_129.jpg,3,0.956,525.46,295.52,614.92,444.54,570.19,370.03
LAT_FORM_FB_AD_AV_129.jpg,4,0.943,775.05,177.99,869.72,329.6,822.38,253.8
LAT_FORM_FB_AD_AV_129.jpg,5,0.934,319.34,168.46,403.44,315.88,361.39,242.17
LAT_FORM_FB_AD_AV_129.jpg,6,0.929,156.82,216.19,251.25,385.2,204.04,300.7
LAT_FORM_FB_AD_AV_129.jpg,7,0.929,542.2,176.76,618.13,306.21,580.16,241.49
LAT_FORM_FB_AD_AV_129.jpg,8,0.836,267.71,288.68,378.99,439.01,323.35,363.84
LAT_FORM_FB_AD_AV_130.jpg,1,0.936,637.56,186.51,739.58,321.73,688.57,254.12
LAT_FORM_FB_AD_AV_130.jpg,2,0.932,143.62,147.05,226.45,287.26,185.04,217.15
LAT_FORM_FB_AD_AV_130.jpg,3,0.924,196.73,225.59,293.5,362.78,245.11,294.18
LAT_FORM_FB_AD_AV_130.jpg,4,0.914,325.26,162.39,399.84,285.07,362.55,223.73
LAT_FORM_FB_AD_AV_130.jpg,5,0.914,824.51,194.79,930.26,324.1,877.38,259.44
LAT_FORM_FB_AD_AV_130.jpg,6,0.906,745.5,132.17,850.69,254.81,798.1,193.49
LAT_FORM_FB_AD_AV_130.jpg,7,0.787,575.96,128.98,655.13,258.1,615.54,193.54
LAT_FORM_FB_AD_AV_130.jpg,8,0.735,395.72,223.85,470.92,362.52,433.32,293.18
LAT_FORM_FB_AD_AV_131.jpg,1,0.961,215.01,227.0,313.75,355.62,264.38,291.31
LAT_FORM_FB_AD_AV_131.jpg,2,0.927,724.53,139.64,812.96,261.48,768.75,200.56
LAT_FORM_FB_AD_AV_131.jpg,3,0.915,636.48,184.31,723.87,327.85,680.17,256.08
LAT_FORM_FB_AD_AV_131.jpg,4,0.914,336.98,168.13,411.24,284.34,374.11,226.23
LAT_FORM_FB_AD_AV_131.jpg,5,0.911,813.07,191.81,904.73,324.65,858.9,258.23
LAT_FORM_FB_AD_AV_131.jpg,6,0.727,579.64,134.01,657.28,265.7,618.46,199.86
LAT_FORM_FB_AD_AV_132.jpg,1,0.96,546.53,217.38,653.57,352.49,600.05,284.93
LAT_FORM_FB_AD_AV_132.jpg,2,0.939,280.02,221.62,357.49,355.27,318.75,288.44
LAT_FORM_FB_AD_AV_132.jpg,3,0.917,706.63,233.19,821.44,368.2,764.03,300.69
LAT_FORM_FB_AD_AV_132.jpg,4,0.903,394.15,226.11,498.73,363.38,446.44,294.75
LAT_FORM_FB_AD_AV_132.jpg,5,0.891,645.23,161.54,714.82,285.23,680.03,223.39
LAT_FORM_FB_AD_AV_132.jpg,6,0.838,209.23,152.06,284.87,278.25,247.05,215.15
LAT_FORM_FB_AD_AV_133.jpg,1,0.958,709.74,456.86,875.64,668.1,792.69,562.48
LAT_FORM_FB_AD_AV_133.jpg,2,0.952,1089.75,458.35,1265.33,676.71,1177.54,567.53
LAT_FORM_FB_AD_AV_133.jpg,3,0.932,1280.61,432.77,1437.27,647.43,1358.94,540.1
LAT_FORM_FB_AD_AV_133.jpg,4,0.834,896.15,438.57,1027.7,639.65,961.92,539.11
LAT_FORM_FB_AD_AV_134.jpg,1,0.953,928.6,452.52,1050.1,663.91,989.35,558.21
LAT_FORM_FB_AD_AV_134.jpg,2,0.944,723.78,454.18,850.97,660.25,787.38,557.21
LAT_FORM_FB_AD_AV_134.jpg,3,0.942,1304.66,413.05,1455.22,601.85,1379.94,507.45
LAT_FORM_FB_AD_AV_134.jpg,4,0.938,1145.72,449.65,1287.58,662.37,1216.65,556.01
LAT_FORM_FB_AD_AV_134.jpg,5,0.93,485.32,447.31,620.54,658.38,552.93,552.85
LAT_FORM_FB_AD_AV_135.jpg,1,0.939,943.38,443.34,1063.11,673.09,1003.24,558.22
LAT_FORM_FB_AD_AV_135.jpg,2,0.929,1339.42,399.61,1473.98,613.01,1406.7,506.31
LAT_FORM_FB_AD_AV_135.jpg,3,0.927,1176.4,423.25,1309.8,664.86,1243.1,544.06
LAT_FORM_FB_AD_AV_135.jpg,4,0.921,1055.7,387.2,1170.09,610.79,1112.89,499.0
LAT_FORM_FB_AD_AV_135.jpg,5,0.921,471.15,442.89,620.42,664.87,545.78,553.88
LAT_FORM_FB_AD_AV_135.jpg,6,0.915,637.91,392.92,756.63,611.47,697.27,502.2
LAT_FORM_FB_AD_AV_135.jpg,7,0.821,837.91,399.18,953.78,613.53,895.84,506.36
LAT_FORM_FB_AD_AV_135.jpg,8,0.808,751.78,437.62,847.97,669.3,799.88,553.46
LAT_FORM_FB_AD_AV_136.jpg,1,0.941,494.82,445.91,630.53,674.92,562.68,560.41
LAT_FORM_FB_AD_AV_136.jpg,2,0.935,1204.0,434.79,1331.37,674.34,1267.69,554.56
LAT_FORM_FB_AD_AV_136.jpg,3,0.921,1358.55,403.95,1481.51,617.19,1420.03,510.57
LAT_FORM_FB_AD_AV_136.jpg,4,0.92,651.96,390.21,762.24,620.66,707.1,505.44
LAT_FORM_FB_AD_AV_136.jpg,5,0.912,958.69,447.59,1084.81,675.1,1021.75,561.35
LAT_FORM_FB_AD_AV_136.jpg,6,0.876,1065.3,397.51,1183.08,608.55,1124.19,503.03
LAT_FORM_FB_AD_AV_136.jpg,7,0.872,839.57,392.31,962.21,615.72,900.89,504.01
LAT_FORM_FB_AD_AV_136.jpg,8,0.83,755.31,445.16,855.33,670.38,805.32,557.77
LAT_FORM_FB_AD_AV_137.jpg,1,0.955,457.87,442.9,625.76,676.25,541.82,559.58
LAT_FORM_FB_AD_AV_137.jpg,2,0.941,820.48,394.55,945.85,610.97,883.17,502.76
LAT_FORM_FB_AD_AV_137.jpg,3,0.936,1204.64,437.92,1319.67,674.67,1262.16,556.3
LAT_FORM_FB_AD_AV_137.jpg,4,0.927,1336.49,405.6,1460.47,616.96,1398.48,511.28
LAT_FORM_FB_AD_AV_137.jpg,5,0.875,722.36,437.2,822.7,674.36,772.53,555.78
LAT_FORM_FB_AD_AV_137.jpg,6,0.87,952.17,446.96,1077.23,673.84,1014.7,560.4
LAT_FORM_FB_AD_AV_137.jpg,7,0.857,1064.98,398.42,1170.87,614.97,1117.92,506.69
LAT_FORM_FB_AD_AV_137.jpg,8,0.778,611.78,392.53,732.53,620.52,672.16,506.52
LAT_FORM_FB_AD_AV_138.jpg,1,0.949,841.16,393.55,936.72,615.66,888.94,504.61
LAT_FORM_FB_AD_AV_138.jpg,2,0.938,508.82,440.15,609.85,669.63,559.33,554.89
LAT_FORM_FB_AD_AV_138.jpg,3,0.93,1211.06,437.26,1323.78,674.04,1267.42,555.65
LAT_FORM_FB_AD_AV_138.jpg,4,0.928,1066.97,404.92,1166.82,615.05,1116.9,509.99
LAT_FORM_FB_AD_AV_138.jpg,5,0.927,1349.33,405.37,1446.34,619.64,1397.83,512.51
LAT_FORM_FB_AD_AV_138.jpg,6,0.924,726.16,438.24,822.23,670.04,774.19,554.14
LAT_FORM_FB_AD_AV_138.jpg,7,0.906,634.33,390.81,730.75,620.35,682.54,505.58
LAT_FORM_FB_AD_AV_138.jpg,8,0.887,973.68,444.8,1065.8,674.14,1019.74,559.47
LAT_FORM_FB_AD_AV_139.jpg,1,0.94,850.82,401.76,938.42,614.38,894.62,508.07
LAT_FORM_FB_AD_AV_139.jpg,2,0.939,652.29,403.4,741.59,617.4,696.94,510.4
LAT_FORM_FB_AD_AV_139.jpg,3,0.934,1197.36,445.16,1309.91,667.47,1253.63,556.31
LAT_FORM_FB_AD_AV_139.jpg,4,0.931,744.79,449.77,836.47,661.52,790.63,555.65
LAT_FORM_FB_AD_AV_139.jpg,5,0.93,1327.34,411.93,1423.67,616.05,1375.5,513.99
LAT_FORM_FB_AD_AV_139.jpg,6,0.926,533.34,449.48,637.24,664.68,585.29,557.08
LAT_FORM_FB_AD_AV_139.jpg,7,0.915,966.96,447.91,1063.22,664.63,1015.09,556.27
LAT_FORM_FB_AD_AV_139.jpg,8,0.914,1065.61,404.28,1162.51,612.66,1114.06,508.47
LAT_FORM_FB_AD_AV_140.jpg,1,0.943,846.28,405.59,943.63,610.68,894.96,508.14
LAT_FORM_FB_AD_AV_140.jpg,2,0.941,1326.71,413.36,1431.45,615.5,1379.08,514.43
LAT_FORM_FB_AD_AV_140.jpg,3,0.939,1200.35,447.71,1311.2,667.38,1255.77,557.54
LAT_FORM_FB_AD_AV_140.jpg,4,0.938,659.02,403.06,745.66,611.93,702.34,507.49
LAT_FORM_FB_AD_AV_140.jpg,5,0.928,538.03,450.47,642.4,663.69,590.21,557.08
LAT_FORM_FB_AD_AV_140.jpg,6,0.922,1068.01,408.75,1161.72,608.41,1114.86,508.58
LAT_FORM_FB_AD_AV_140.jpg,7,0.904,746.59,443.18,836.03,660.68,791.31,551.93
LAT_FORM_FB_AD_AV_140.jpg,8,0.899,972.73,446.91,1067.86,664.91,1020.29,555.91
LAT_FORM_FB_AD_AV_141.jpg,1,0.954,1329.41,414.28,1432.84,618.09,1381.12,516.19
LAT_FORM_FB_AD_AV_141.jpg,2,0.947,1198.66,444.72,1316.74,665.89,1257.7,555.3
LAT_FORM_FB_AD_AV_141.jpg,3,0.936,531.22,446.45,642.48,663.47,586.85,554.96
LAT_FORM_FB_AD_AV_141.jpg,4,0.929,847.89,404.59,941.04,609.08,894.46,506.83
LAT_FORM_FB_AD_AV_141.jpg,5,0.927,660.63,403.05,743.14,613.75,701.88,508.4
LAT_FORM_FB_AD_AV_141.jpg,6,0.921,1070.33,410.52,1167.34,608.87,1118.84,509.69
LAT_FORM_FB_AD_AV_141.jpg,7,0.917,747.19,439.79,832.45,661.42,789.82,550.61
LAT_FORM_FB_AD_AV_141.jpg,8,0.895,980.89,452.12,1067.91,663.41,1024.4,557.76
LAT_FORM_FB_AD_AV_142.jpg,1,0.952,1304.97,400.69,1463.33,688.85,1384.15,544.77
LAT_FORM_FB_AD_AV_142.jpg,2,0.944,982.05,411.7,1144.79,683.24,1063.42,547.47
LAT_FORM_FB_AD_AV_142.jpg,3,0.931,373.62,400.41,533.52,684.93,453.57,542.67
LAT_FORM_FB_AD_AV_142.jpg,4,0.928,1473.13,359.85,1628.67,622.98,1550.9,491.42
LAT_FORM_FB_AD_AV_142.jpg,5,0.92,821.02,347.95,973.96,611.3,897.49,479.63
LAT_FORM_FB_AD_AV_142.jpg,6,0.553,638.54,394.51,803.56,678.12,721.05,536.31
LAT_FORM_FB_AD_AV_142.jpg,7,0.43,1139.57,355.9,1316.82,612.45,1228.19,484.17
LAT_FORM_FB_AD_AV_143.jpg,1,0.944,486.07,359.79,657.14,610.53,571.6,485.16
LAT_FORM_FB_AD_AV_143.jpg,2,0.943,646.79,425.85,845.37,683.34,746.08,554.59
LAT_FORM_FB_AD_AV_143.jpg,3,0.938,269.75,426.57,489.65,683.71,379.7,555.14
LAT_FORM_FB_AD_AV_143.jpg,4,0.923,1250.39,440.07,1453.18,695.49,1351.78,567.78
LAT_FORM_FB_AD_AV_143.jpg,5,0.923,1449.66,374.54,1620.63,626.21,1535.15,500.37
LAT_FORM_FB_AD_AV_143.jpg,6,0.912,925.42,448.74,1117.93,688.99,1021.68,568.86
LAT_FORM_FB_AD_AV_143.jpg,7,0.853,1123.24,398.44,1259.82,623.81,1191.53,511.13
LAT_FORM_FB_AD_AV_144.jpg,1,0.954,528.27,342.98,634.24,616.37,581.25,479.68
LAT_FORM_FB_AD_AV_144.jpg,2,0.944,1274.13,404.88,1407.4,694.23,1340.77,549.55
LAT_FORM_FB_AD_AV_144.jpg,3,0.936,952.6,414.77,1078.74,686.25,1015.67,550.51
LAT_FORM_FB_AD_AV_144.jpg,4,0.93,676.29,410.01,811.5,685.53,743.89,547.77
LAT_FORM_FB_AD_AV_144.jpg,5,0.918,347.95,401.69,462.76,682.37,405.36,542.03
LAT_FORM_FB_AD_AV_144.jpg,6,0.89,1091.52,357.13,1219.84,622.4,1155.68,489.76
LAT_FORM_FB_AD_AV_144.jpg,7,0.858,1473.77,358.78,1606.09,626.71,1539.93,492.74
LAT_FORM_FB_AD_AV_144.jpg,8,0.731,782.5,344.62,881.14,614.85,831.82,479.73
LAT_FORM_FB_AD_AV_145.jpg,1,0.943,621.97,418.98,781.4,700.86,701.68,559.92
LAT_FORM_FB_AD_AV_145.jpg,2,0.94,1251.03,408.56,1421.43,710.89,1336.23,559.72
LAT_FORM_FB_AD_AV_145.jpg,3,0.933,912.74,425.27,1104.33,704.15,1008.54,564.71
LAT_FORM_FB_AD_AV_145.jpg,4,0.916,280.63,406.57,480.82,697.53,380.72,552.05
LAT_FORM_FB_AD_AV_145.jpg,5,0.897,1418.76,368.47,1594.47,637.56,1506.61,503.01
LAT_FORM_FB_AD_AV_146.jpg,1,0.956,898.35,432.37,1100.91,695.04,999.63,563.7
LAT_FORM_FB_AD_AV_146.jpg,2,0.954,310.87,411.99,464.01,681.51,387.44,546.75
LAT_FORM_FB_AD_AV_146.jpg,3,0.951,1259.48,406.22,1427.44,694.08,1343.46,550.15
LAT_FORM_FB_AD_AV_146.jpg,4,0.929,613.91,418.02,786.65,685.39,700.28,551.71
LAT_FORM_FB_AD_AV_146.jpg,5,0.882,476.89,350.41,635.9,611.09,556.4,480.75
LAT_FORM_FB_AD_AV_146.jpg,6,0.877,1407.46,371.5,1558.23,622.73,1482.84,497.11
LAT_FORM_FB_AD_AV_146.jpg,7,0.791,759.11,358.58,905.22,608.78,832.16,483.68
LAT_FORM_FB_AD_AV_146.jpg,8,0.572,1086.47,366.38,1232.04,626.05,1159.25,496.22
LAT_FORM_FB_AD_AV_147.jpg,1,0.954,971.94,456.97,1142.53,701.73,1057.24,579.35
LAT_FORM_FB_AD_AV_147.jpg,2,0.949,1237.56,443.55,1394.17,699.36,1315.86,571.46
LAT_FORM_FB_AD_AV_147.jpg,3,0.935,484.6,448.04,619.77,691.53,552.19,569.79
LAT_FORM_FB_AD_AV_147.jpg,4,0.859,756.16,449.76,872.79,694.47,814.48,572.12
LAT_FORM_FB_AD_AV_148.jpg,1,0.94,1056.23,539.43,1233.44,770.83,1144.84,655.13
LAT_FORM_FB_AD_AV_148.jpg,2,0.893,1253.02,495.98,1366.56,721.05,1309.79,608.52
LAT_FORM_FB_AD_AV_148.jpg,3,0.888,785.37,492.68,919.09,725.08,852.23,608.88
LAT_FORM_FB_AD_AV_148.jpg,4,0.734,593.8,468.86,751.6,690.94,672.7,579.9
LAT_FORM_FB_AD_AV_149.jpg,1,0.947,601.09,435.61,744.44,657.05,672.76,546.33
LAT_FORM_FB_AD_AV_149.jpg,2,0.905,1035.0,517.93,1189.25,747.22,1112.13,632.57
LAT_FORM_FB_AD_AV_149.jpg,3,0.899,780.26,485.8,916.17,711.63,848.22,598.72
LAT_FORM_FB_AD_AV_149.jpg,4,0.59,1191.12,483.32,1341.74,689.82,1266.43,586.57
LAT_FORM_FB_AD_AV_150.jpg,1,0.959,271.81,516.59,390.72,742.39,331.26,629.49
LAT_FORM_FB_AD_AV_150.jpg,2,0.946,1156.29,535.48,1270.24,783.04,1213.27,659.26
LAT_FORM_FB_AD_AV_150.jpg,3,0.942,749.13,536.29,877.96,785.01,813.55,660.65
LAT_FORM_FB_AD_AV_150.jpg,4,0.933,950.04,596.63,1087.08,846.97,1018.56,721.8
LAT_FORM_FB_AD_AV_150.jpg,5,0.931,408.3,544.97,525.9,785.57,467.1,665.27
LAT_FORM_FB_AD_AV_150.jpg,6,0.702,549.07,597.44,702.34,827.37,625.71,712.41
LAT_FORM_FB_AD_AV_177.jpg,1,0.938,445.32,429.14,595.93,781.64,520.63,605.39
LAT_FORM_FB_AD_AV_177.jpg,2,0.913,660.17,525.36,845.95,894.17,753.06,709.77
LAT_FORM_FB_AD_AV_177.jpg,3,0.904,1263.14,549.21,1401.64,877.6,1332.39,713.41
LAT_FORM_FB_AD_AV_177.jpg,4,0.889,968.58,642.41,1131.84,1002.6,1050.21,822.5
LAT_FORM_FB_AD_AV_177.jpg,5,0.848,1462.67,444.97,1616.44,778.91,1539.56,611.94
LAT_FORM_FB_AD_AV_177.jpg,6,0.516,945.16,280.84,1083.6,635.81,1014.38,458.33
LAT_FORM_FB_AD_AV_186.jpg,1,0.963,1107.24,490.25,1299.47,785.58,1203.36,637.91
LAT_FORM_FB_AD_AV_186.jpg,2,0.952,1376.95,378.24,1538.4,713.83,1457.67,546.04
LAT_FORM_FB_AD_AV_186.jpg,3,0.941,289.02,335.06,478.98,669.33,384.0,502.19
LAT_FORM_FB_AD_AV_186.jpg,4,0.937,522.14,441.6,737.56,791.81,629.85,616.7
LAT_FORM_FB_AD_AV_186.jpg,5,0.934,866.64,357.0,1024.93,667.03,945.78,512.01
LAT_FORM_FB_AD_AV_186.jpg,6,0.916,670.83,234.94,825.02,521.54,747.92,378.24
LAT_FORM_FB_AD_AV_186.jpg,7,0.915,748.83,562.29,962.28,949.59,855.56,755.94
LAT_FORM_FB_AD_AV_186.jpg,8,0.793,1097.67,311.01,1245.91,520.35,1171.79,415.68
LAT_FORM_FB_AD_AV_190.jpg,1,0.937,1369.27,633.15,1676.08,934.04,1522.68,783.6
LAT_FORM_FB_AD_AV_190.jpg,2,0.927,645.77,521.16,889.86,823.36,767.81,672.26
LAT_FORM_FB_AD_AV_190.jpg,3,0.926,949.74,631.53,1242.99,931.21,1096.37,781.37
LAT_FORM_FB_AD_AV_190.jpg,4,0.915,225.66,521.24,501.66,817.04,363.66,669.14
LAT_FORM_FB_AD_AV_190.jpg,5,0.914,924.07,383.89,1185.58,671.69,1054.82,527.79
LAT_FORM_FB_AD_AV_190.jpg,6,0.499,618.81,321.65,875.4,566.47,747.11,444.06
LAT_FORM_FB_AD_AV_190.jpg,7,0.439,1328.97,389.92,1587.18,662.05,1458.08,525.99
LAT_FORM_FB_AD_AV_194.jpg,1,0.976,199.09,299.0,484.81,643.32,341.95,471.16
LAT_FORM_FB_AD_AV_194.jpg,2,0.966,950.72,505.83,1241.18,862.7,1095.95,684.27
LAT_FORM_FB_AD_AV_194.jpg,3,0.962,562.0,369.81,846.41,730.53,704.2,550.17
LAT_FORM_FB_AD_AV_194.jpg,4,0.961,1376.02,570.91,1665.26,962.57,1520.64,766.74
LAT_FORM_FB_AD_AV_194.jpg,5,0.892,1293.83,318.89,1558.39,681.66,1426.11,500.27
LAT_FORM_FB_AD_AV_194.jpg,6,0.749,910.19,254.77,1201.78,576.26,1055.98,415.52
LAT_FORM_FB_AD_AV_195.jpg,1,0.961,691.0,336.73,913.3,679.96,802.15,508.34
LAT_FORM_FB_AD_AV_195.jpg,2,0.961,1422.69,511.82,1662.23,887.37,1542.46,699.59
LAT_FORM_FB_AD_AV_195.jpg,3,0.958,966.11,459.85,1206.67,798.36,1086.39,629.11
LAT_FORM_FB_AD_AV_195.jpg,4,0.954,287.73,285.4,547.64,631.36,417.68,458.38
LAT_FORM_FB_AD_AV_195.jpg,5,0.868,1324.43,271.89,1535.63,620.73,1430.03,446.31
LAT_FORM_FB_AD_AV_195.jpg,6,0.867,997.12,223.68,1199.91,477.31,1098.51,350.5
LAT_FORM_FB_AD_AV_195.jpg,7,0.788,588.67,177.86,801.11,496.03,694.89,336.95
LAT_FORM_FB_AD_AV_196.jpg,1,0.965,1289.31,564.51,1607.53,901.55,1448.42,733.03
LAT_FORM_FB_AD_AV_196.jpg,2,0.963,934.37,548.77,1139.05,880.4,1036.71,714.58
LAT_FORM_FB_AD_AV_196.jpg,3,0.938,511.65,494.27,764.96,856.67,638.31,675.47
LAT_FORM_FB_AD_AV_196.jpg,4,0.891,340.01,376.56,592.4,717.08,466.2,546.82
LAT_FORM_FB_AD_AV_197.jpg,1,0.951,694.77,381.0,910.4,750.69,802.59,565.84
LAT_FORM_FB_AD_AV_197.jpg,2,0.948,875.91,554.62,1072.89,931.52,974.4,743.07
LAT_FORM_FB_AD_AV_197.jpg,3,0.931,331.04,384.9,512.96,731.57,422.0,558.23
LAT_FORM_FB_AD_AV_197.jpg,4,0.92,466.85,502.61,658.03,895.64,562.44,699.12
LAT_FORM_FB_AD_AV_197.jpg,5,0.906,1272.01,556.4,1461.19,938.86,1366.6,747.63
LAT_FORM_FB_AD_AV_197.jpg,6,0.574,969.29,289.14,1122.49,586.19,1045.89,437.66
LAT_FORM_FB_AD_AV_198.jpg,1,0.971,931.27,446.05,1160.87,785.21,1046.07,615.63
LAT_FORM_FB_AD_AV_198.jpg,2,0.949,1172.21,643.09,1448.02,984.61,1310.12,813.85
LAT_FORM_FB_AD_AV_198.jpg,3,0.945,589.72,610.08,807.32,948.52,698.52,779.3
LAT_FORM_FB_AD_AV_198.jpg,4,0.943,374.98,439.76,584.45,774.26,479.72,607.01
LAT_FORM_FB_AD_AV_198.jpg,5,0.643,1211.64,369.96,1433.09,673.69,1322.36,521.83
LAT_FORM_FB_AD_AV_199.jpg,1,0.954,620.11,620.9,805.34,959.77,712.73,790.34
LAT_FORM_FB_AD_AV_199.jpg,2,0.952,1218.83,622.84,1433.37,1009.92,1326.1,816.38
LAT_FORM_FB_AD_AV_199.jpg,3,0.938,972.44,460.65,1145.63,788.47,1059.03,624.56
LAT_FORM_FB_AD_AV_199.jpg,4,0.916,728.1,356.13,891.89,670.2,810.0,513.16
LAT_FORM_FB_AD_AV_199.jpg,5,0.8,412.41,449.14,616.98,770.87,514.69,610.0
LAT_FORM_FB_AD_AV_199.jpg,6,0.726,527.3,248.64,689.18,537.31,608.24,392.98
LAT_FORM_FB_AD_AV_199.jpg,7,0.55,1075.62,256.08,1218.78,556.07,1147.2,406.08
LAT_FORM_FB_AD_AV_200.jpg,1,0.968,1036.74,495.27,1290.7,805.92,1163.72,650.59
LAT_FORM_FB_AD_AV_200.jpg,2,0.953,769.79,539.95,1000.06,885.62,884.92,712.79
LAT_FORM_FB_AD_AV_200.jpg,3,0.938,523.19,478.68,726.0,788.6,624.6,633.64
LAT_FORM_FB_AD_AV_200.jpg,4,0.915,595.33,256.35,807.3,512.56,701.32,384.46
LAT_FORM_FB_AD_AV_200.jpg,5,0.756,1353.57,417.79,1564.68,744.35,1459.12,581.07
LAT_FORM_FB_AD_AV_200.jpg,6,0.742,1060.86,265.98,1254.83,510.4,1157.85,388.19
LAT_FORM_FB_AD_AV_201.jpg,1,0.963,1355.01,420.88,1567.34,760.08,1461.18,590.48
LAT_FORM_FB_AD_AV_201.jpg,2,0.957,809.02,539.61,1016.59,892.98,912.81,716.3
LAT_FORM_FB_AD_AV_201.jpg,3,0.956,386.48,392.0,554.87,699.02,470.67,545.51
LAT_FORM_FB_AD_AV_201.jpg,4,0.956,1098.72,502.81,1285.46,829.42,1192.09,666.12
LAT_FORM_FB_AD_AV_201.jpg,5,0.942,550.28,501.4,718.77,799.9,634.53,650.65
LAT_FORM_FB_AD_AV_201.jpg,6,0.756,653.4,271.95,792.45,550.18,722.93,411.06
LAT_FORM_FB_AD_AV_201.jpg,7,0.712,1116.15,281.9,1283.04,534.67,1199.6,408.28
LAT_FORM_FB_AD_AV_201.jpg,8,0.427,859.42,348.46,1004.1,555.27,931.76,451.86
LAT_FORM_FB_AD_AV_202.jpg,1,0.939,489.64,509.47,736.47,862.09,613.06,685.78
LAT_FORM_FB_AD_AV_202.jpg,2,0.931,1096.59,308.72,1305.79,661.95,1201.19,485.33
LAT_FORM_FB_AD_AV_202.jpg,3,0.927,1209.68,507.42,1450.32,859.58,1330.0,683.5
LAT_FORM_FB_AD_AV_202.jpg,4,0.924,283.41,372.93,484.78,747.36,384.09,560.14
LAT_FORM_FB_AD_AV_202.jpg,5,0.886,862.45,583.45,1055.46,995.0,958.96,789.22
LAT_FORM_FB_AD_AV_202.jpg,6,0.819,740.21,356.15,925.17,734.36,832.69,545.25
LAT_FORM_FB_AD_AV_203.jpg,1,0.961,1109.42,513.07,1452.34,834.51,1280.88,673.79
LAT_FORM_FB_AD_AV_203.jpg,2,0.948,695.17,651.89,1032.69,1008.38,863.93,830.14
LAT_FORM_FB_AD_AV_203.jpg,3,0.91,347.61,533.69,693.32,853.81,520.46,693.75
LAT_FORM_FB_AD_AV_203.jpg,4,0.736,658.54,382.13,978.26,698.48,818.4,540.31
LAT_FORM_FB_AD_AV_204.jpg,1,0.958,1162.8,489.44,1367.68,864.01,1265.24,676.72
LAT_FORM_FB_AD_AV_204.jpg,2,0.946,772.34,629.29,998.11,1036.06,885.23,832.68
LAT_FORM_FB_AD_AV_204.jpg,3,0.923,138.93,369.58,421.37,747.25,280.15,558.41
LAT_FORM_FB_AD_AV_204.jpg,4,0.875,429.01,459.92,666.56,850.77,547.78,655.35
LAT_FORM_FB_AD_AV_204.jpg,5,0.486,778.0,362.11,1060.03,710.88,919.02,536.49
LAT_FORM_FB_AD_AV_205.jpg,1,0.949,828.41,668.98,1104.08,1008.79,966.24,838.88
LAT_FORM_FB_AD_AV_205.jpg,2,0.946,1171.08,515.88,1457.47,839.13,1314.27,677.5
LAT_FORM_FB_AD_AV_205.jpg,3,0.935,425.8,527.43,732.3,857.23,579.05,692.33
LAT_FORM_FB_AD_AV_205.jpg,4,0.933,1220.02,272.84,1448.99,570.46,1334.51,421.65
LAT_FORM_FB_AD_AV_205.jpg,5,0.91,846.12,398.24,1110.59,695.79,978.36,547.01
LAT_FORM_FB_AD_AV_205.jpg,6,0.901,557.1,287.53,755.03,563.87,656.07,425.7
LAT_FORM_FB_AD_AV_205.jpg,7,0.809,929.61,193.02,1169.99,457.91,1049.8,325.46
LAT_FORM_FB_AD_AV_205.jpg,8,0.446,197.88,393.73,463.46,708.68,330.67,551.2
LAT_FORM_FB_AD_AV_206.jpg,1,0.92,1194.43,550.89,1467.56,816.98,1330.99,683.94
LAT_FORM_FB_AD_AV_206.jpg,2,0.891,816.92,587.47,1052.95,863.73,934.93,725.6
LAT_FORM_FB_AD_AV_207.jpg,1,0.951,128.54,442.2,315.22,757.75,221.88,599.98
LAT_FORM_FB_AD_AV_207.jpg,2,0.945,511.9,569.83,705.9,885.93,608.9,727.88
LAT_FORM_FB_AD_AV_207.jpg,3,0.942,822.84,481.79,987.53,773.06,905.18,627.43
LAT_FORM_FB_AD_AV_207.jpg,4,0.936,1535.47,479.29,1697.86,765.28,1616.67,622.29
LAT_FORM_FB_AD_AV_207.jpg,5,0.922,425.97,346.95,565.03,630.33,495.5,488.64
LAT_FORM_FB_AD_AV_207.jpg,6,0.92,1145.95,515.45,1313.68,818.44,1229.82,666.95
LAT_FORM_FB_AD_AV_208.jpg,1,0.971,1073.07,524.63,1279.54,837.72,1176.3,681.18
LAT_FORM_FB_AD_AV_208.jpg,2,0.958,1526.8,483.68,1718.97,750.87,1622.88,617.28
LAT_FORM_FB_AD_AV_208.jpg,3,0.952,789.99,457.36,964.94,766.84,877.46,612.1
LAT_FORM_FB_AD_AV_208.jpg,4,0.948,57.96,455.3,289.43,755.95,173.69,605.62
LAT_FORM_FB_AD_AV_208.jpg,5,0.926,391.48,361.47,581.09,639.08,486.29,500.28
LAT_FORM_FB_AD_AV_208.jpg,6,0.912,1299.98,363.0,1449.59,646.81,1374.78,504.91
LAT_FORM_FB_AD_AV_208.jpg,7,0.801,528.04,577.37,725.48,877.66,626.76,727.51
LAT_FORM_FB_AD_AV_209.jpg,1,0.957,446.31,388.35,606.78,676.39,526.55,532.37
LAT_FORM_FB_AD_AV_209.jpg,2,0.954,859.5,485.8,1036.91,777.6,948.21,631.7
LAT_FORM_FB_AD_AV_209.jpg,3,0.951,609.08,604.24,826.51,905.82,717.79,755.03
LAT_FORM_FB_AD_AV_209.jpg,4,0.943,1339.65,400.68,1513.09,672.4,1426.37,536.54
LAT_FORM_FB_AD_AV_209.jpg,5,0.942,109.38,473.37,333.52,778.47,221.45,625.92
LAT_FORM_FB_AD_AV_209.jpg,6,0.938,1618.68,505.65,1773.87,778.14,1696.27,641.89
LAT_FORM_FB_AD_AV_209.jpg,7,0.788,1112.87,562.96,1303.2,867.13,1208.03,715.04
LAT_FORM_FB_AD_AV_211.jpg,1,0.96,1561.34,533.91,1792.4,813.68,1676.87,673.79
LAT_FORM_FB_AD_AV_211.jpg,2,0.956,639.4,639.43,871.12,947.98,755.26,793.71
LAT_FORM_FB_AD_AV_211.jpg,3,0.952,1171.94,609.44,1367.52,925.0,1269.73,767.22
LAT_FORM_FB_AD_AV_211.jpg,4,0.938,844.05,511.45,1046.08,800.14,945.06,655.8
LAT_FORM_FB_AD_AV_211.jpg,5,0.934,135.84,515.66,340.41,812.38,238.12,664.02
LAT_FORM_FB_AD_AV_211.jpg,6,0.897,1358.83,409.51,1530.4,682.3,1444.61,545.9
LAT_FORM_FB_AD_AV_211.jpg,7,0.461,433.15,400.26,636.76,677.19,534.95,538.72
LAT_FORM_FB_AD_AV_213.jpg,1,0.937,431.97,392.91,652.82,693.11,542.4,543.01
LAT_FORM_FB_AD_AV_213.jpg,2,0.937,1094.31,597.42,1374.92,947.25,1234.62,772.33
LAT_FORM_FB_AD_AV_213.jpg,3,0.924,1589.92,525.17,1787.26,829.47,1688.59,677.32
LAT_FORM_FB_AD_AV_213.jpg,4,0.902,1381.79,396.02,1574.67,695.14,1478.23,545.58
LAT_FORM_FB_AD_AV_213.jpg,5,0.891,558.1,625.5,841.62,940.01,699.86,782.76
LAT_FORM_FB_AD_AV_213.jpg,6,0.825,45.44,498.86,302.2,824.06,173.82,661.46
LAT_FORM_FB_AD_AV_213.jpg,7,0.81,832.09,497.64,1042.85,801.05,937.47,649.34
LAT_FORM_FB_AD_AV_213.jpg,8,0.698,43.15,498.76,300.97,824.73,172.06,661.74
LAT_FORM_FB_AD_AV_214.jpg,1,0.954,842.32,316.82,1052.24,728.5,947.28,522.66
LAT_FORM_FB_AD_AV_214.jpg,2,0.932,410.2,399.45,660.29,863.46,535.24,631.46
LAT_FORM_FB_AD_AV_214.jpg,3,0.927,1568.79,337.41,1748.8,756.9,1658.79,547.16
LAT_FORM_FB_AD_AV_214.jpg,4,0.89,234.36,309.59,426.47,716.37,330.42,512.98
LAT_FORM_FB_AD_AV_215.jpg,1,0.965,1459.27,423.83,1659.15,715.82,1559.21,569.83
LAT_FORM_FB_AD_AV_215.jpg,2,0.951,1091.35,487.53,1336.63,851.26,1213.99,669.39
LAT_FORM_FB_AD_AV_215.jpg,3,0.947,866.97,374.29,1046.08,694.62,956.52,534.46
LAT_FORM_FB_AD_AV_215.jpg,4,0.942,464.88,448.84,700.81,812.03,582.85,630.43
LAT_FORM_FB_AD_AV_215.jpg,5,0.722,996.34,258.05,1157.09,492.03,1076.72,375.04
LAT_FORM_FB_AD_AV_215.jpg,6,0.597,692.17,303.5,829.36,597.05,760.77,450.28
LAT_FORM_FB_AD_AV_216.jpg,1,0.956,1062.85,459.98,1300.05,862.27,1181.45,661.13
LAT_FORM_FB_AD_AV_216.jpg,2,0.949,1424.8,373.99,1648.48,726.47,1536.64,550.23
LAT_FORM_FB_AD_AV_216.jpg,3,0.927,426.05,419.08,664.8,819.18,545.42,619.13
LAT_FORM_FB_AD_AV_216.jpg,4,0.854,878.36,349.27,1057.74,707.54,968.05,528.41
LAT_FORM_FB_AD_AV_217.jpg,1,0.949,754.44,271.43,951.41,625.02,852.93,448.23
LAT_FORM_FB_AD_AV_217.jpg,2,0.927,979.76,350.84,1198.22,729.96,1088.99,540.4
LAT_FORM_FB_AD_AV_217.jpg,3,0.908,1578.52,378.26,1829.72,777.5,1704.12,577.88
LAT_FORM_FB_AD_AV_217.jpg,4,0.738,405.37,312.1,562.69,676.55,484.03,494.33
LAT_FORM_FB_AD_AV_217.jpg,5,0.692,1142.48,187.5,1279.99,557.71,1211.24,372.6
LAT_FORM_FB_AD_AV_217.jpg,6,0.441,566.17,427.64,821.43,844.98,693.8,636.31
LAT_FORM_FB_AD_AV_217.jpg,7,0.402,1210.2,477.68,1460.74,922.98,1335.47,700.33
LAT_FORM_FB_AD_AV_218.jpg,1,0.945,1101.78,479.71,1404.14,928.47,1252.96,704.09
LAT_FORM_FB_AD_AV_218.jpg,2,0.911,451.77,425.51,744.28,854.41,598.02,639.96
LAT_FORM_FB_AD_AV_218.jpg,3,0.892,1458.37,385.4,1752.42,774.08,1605.4,579.74
LAT_FORM_FB_AD_AV_218.jpg,4,0.525,298.3,328.98,464.01,686.45,381.15,507.71
LAT_FORM_FB_AD_AV_218.jpg,5,0.516,854.96,362.88,1057.17,729.83,956.06,546.36
LAT_FORM_FB_AD_AV_219.jpg,1,0.959,1496.69,478.3,1701.41,693.72,1599.05,586.01
LAT_FORM_FB_AD_AV_219.jpg,2,0.951,1228.32,467.55,1413.04,671.48,1320.68,569.51
LAT_FORM_FB_AD_AV_219.jpg,3,0.943,453.24,388.55,593.44,573.96,523.34,481.25
LAT_FORM_FB_AD_AV_219.jpg,4,0.934,286.11,386.01,424.9,569.42,355.51,477.72
LAT_FORM_FB_AD_AV_219.jpg,5,0.899,836.42,447.97,919.67,642.38,878.04,545.18
LAT_FORM_FB_AD_AV_219.jpg,6,0.892,601.38,431.58,751.64,619.71,676.51,525.64
LAT_FORM_FB_AD_AV_219.jpg,7,0.475,957.08,498.19,1110.58,722.69,1033.83,610.44
LAT_FORM_FB_AD_AV_220.jpg,1,0.958,970.93,528.83,1163.01,787.23,1066.97,658.03
LAT_FORM_FB_AD_AV_220.jpg,2,0.926,1433.27,403.61,1580.25,592.05,1506.76,497.83
LAT_FORM_FB_AD_AV_220.jpg,3,0.909,609.9,445.75,774.35,641.52,692.13,543.63
LAT_FORM_FB_AD_AV_220.jpg,4,0.902,779.87,477.81,939.5,701.75,859.68,589.78
LAT_FORM_FB_AD_AV_220.jpg,5,0.874,424.58,394.84,587.14,584.76,505.86,489.8
LAT_FORM_FB_AD_AV_220.jpg,6,0.776,1218.15,418.42,1384.62,619.73,1301.38,519.08
LAT_FORM_FB_AD_AV_221.jpg,1,0.934,257.3,435.99,482.74,887.79,370.02,661.89
LAT_FORM_FB_AD_AV_221.jpg,2,0.881,538.43,373.41,754.47,764.92,646.45,569.17
LAT_FORM_FB_AD_AV_221.jpg,3,0.851,927.99,371.07,1157.42,761.68,1042.71,566.38
LAT_FORM_FB_AD_AV_221.jpg,4,0.704,1568.1,340.9,1766.77,680.77,1667.43,510.83
LAT_FORM_FB_AD_AV_221.jpg,5,0.655,1333.2,377.14,1557.14,774.0,1445.17,575.57
LAT_FORM_FB_AD_AV_222.jpg,1,0.929,181.52,390.46,390.42,865.04,285.97,627.75
LAT_FORM_FB_AD_AV_222.jpg,2,0.916,568.07,371.22,726.09,840.14,647.08,605.68
LAT_FORM_FB_AD_AV_222.jpg,3,0.791,744.77,439.95,918.45,978.52,831.61,709.23
LAT_FORM_FB_AD_AV_222.jpg,4,0.475,921.66,290.61,1079.01,753.3,1000.33,521.96
LAT_FORM_FB_AD_AV_222.jpg,5,0.445,1117.34,400.23,1300.44,904.95,1208.89,652.59
LAT_FORM_FB_AD_AV_222.jpg,6,0.436,1115.97,398.81,1297.15,904.38,1206.56,651.6
LAT_FORM_FB_AD_AV_223.jpg,1,0.951,648.3,463.53,941.58,952.2,794.94,707.86
LAT_FORM_FB_AD_AV_223.jpg,2,0.947,1057.25,404.52,1301.58,877.8,1179.42,641.16
LAT_FORM_FB_AD_AV_223.jpg,3,0.934,19.83,280.63,231.22,684.51,125.52,482.57
LAT_FORM_FB_AD_AV_223.jpg,4,0.929,1367.5,376.79,1535.18,839.66,1451.34,608.23
LAT_FORM_FB_AD_AV_223.jpg,5,0.91,212.5,354.29,394.99,773.47,303.74,563.88
LAT_FORM_FB_AD_AV_223.jpg,6,0.9,1626.58,357.83,1815.61,766.2,1721.1,562.01
LAT_FORM_FB_AD_AV_223.jpg,7,0.868,456.51,370.91,684.65,829.26,570.58,600.09
LAT_FORM_FB_AD_AV_224.jpg,1,0.963,82.11,245.43,271.67,606.5,176.89,425.96
LAT_FORM_FB_AD_AV_224.jpg,2,0.95,671.91,460.18,909.12,930.88,790.52,695.53
LAT_FORM_FB_AD_AV_224.jpg,3,0.935,1391.02,340.33,1587.73,746.38,1489.38,543.35
LAT_FORM_FB_AD_AV_224.jpg,4,0.934,1072.94,381.12,1282.64,832.72,1177.79,606.92
LAT_FORM_FB_AD_AV_224.jpg,5,0.933,458.62,359.96,668.71,792.73,563.66,576.34
LAT_FORM_FB_AD_AV_224.jpg,6,0.918,264.59,300.55,435.39,680.77,349.99,490.66
LAT_FORM_FB_AD_AV_224.jpg,7,0.747,1681.71,313.94,1883.36,678.53,1782.54,496.23
LAT_FORM_FB_AD_AV_225.jpg,1,0.954,167.9,260.11,318.69,576.46,243.29,418.28
LAT_FORM_FB_AD_AV_225.jpg,2,0.948,1036.17,407.6,1217.84,802.78,1127.0,605.19
LAT_FORM_FB_AD_AV_225.jpg,3,0.944,693.18,461.02,880.17,882.01,786.67,671.51
LAT_FORM_FB_AD_AV_225.jpg,4,0.929,1366.18,346.99,1547.46,704.87,1456.82,525.93
LAT_FORM_FB_AD_AV_225.jpg,5,0.928,1649.89,329.3,1815.41,647.69,1732.65,488.5
LAT_FORM_FB_AD_AV_225.jpg,6,0.898,331.64,307.27,480.0,637.17,405.82,472.22
LAT_FORM_FB_AD_AV_225.jpg,7,0.866,491.36,368.55,671.24,751.99,581.3,560.27
LAT_FORM_FB_AD_AV_225.jpg,8,0.742,845.28,306.4,1016.73,650.6,931.0,478.5
LAT_FORM_FB_AD_AV_226.jpg,1,0.975,1325.37,363.73,1520.71,696.22,1423.04,529.97
LAT_FORM_FB_AD_AV_226.jpg,2,0.964,685.86,492.59,923.18,837.17,804.52,664.88
LAT_FORM_FB_AD_AV_226.jpg,3,0.947,1014.42,424.98,1218.0,808.14,1116.21,616.56
LAT_FORM_FB_AD_AV_226.jpg,4,0.946,1592.54,356.1,1805.67,644.68,1699.11,500.39
LAT_FORM_FB_AD_AV_226.jpg,5,0.924,481.51,401.86,681.98,761.52,581.74,581.69
LAT_FORM_FB_AD_AV_226.jpg,6,0.92,172.34,284.27,336.27,571.28,254.3,427.78
LAT_FORM_FB_AD_AV_227.jpg,1,0.966,673.45,493.69,905.16,851.97,789.3,672.83
LAT_FORM_FB_AD_AV_227.jpg,2,0.955,1580.41,349.75,1796.02,638.48,1688.22,494.11
LAT_FORM_FB_AD_AV_227.jpg,3,0.941,1345.73,365.06,1533.31,694.01,1439.52,529.54
LAT_FORM_FB_AD_AV_227.jpg,4,0.924,1016.5,430.23,1203.51,814.79,1110.0,622.51
LAT_FORM_FB_AD_AV_227.jpg,5,0.64,441.72,411.37,663.23,750.98,552.47,581.18
LAT_FORM_FB_AD_TP_001.jpg,1,0.946,636.02,157.9,686.04,261.48,661.03,209.69
LAT_FORM_FB_AD_TP_001.jpg,2,0.944,636.77,350.31,696.4,426.7,666.58,388.51
LAT_FORM_FB_AD_TP_001.jpg,3,0.943,740.54,86.19,804.28,176.11,772.41,131.15
LAT_FORM_FB_AD_TP_001.jpg,4,0.939,533.85,249.78,588.14,314.33,560.99,282.06
LAT_FORM_FB_AD_TP_001.jpg,5,0.931,719.68,237.64,797.86,332.99,758.77,285.31
LAT_FORM_FB_AD_TP_001.jpg,6,0.929,211.14,99.58,299.93,156.33,255.54,127.95
LAT_FORM_FB_AD_TP_001.jpg,7,0.921,189.68,283.74,273.25,334.62,231.46,309.18
LAT_FORM_FB_AD_TP_001.jpg,8,0.899,308.15,169.07,380.68,224.36,344.42,196.72
LAT_FORM_FB_AD_TP_002.jpg,1,0.953,720.46,110.41,807.55,167.36,764.0,138.88
LAT_FORM_FB_AD_TP_002.jpg,2,0.948,654.06,351.25,706.08,435.2,680.07,393.22
LAT_FORM_FB_AD_TP_002.jpg,3,0.944,218.66,84.32,301.49,148.4,260.08,116.36
LAT_FORM_FB_AD_TP_002.jpg,4,0.941,206.11,259.75,282.27,333.55,244.19,296.65
LAT_FORM_FB_AD_TP_002.jpg,5,0.94,630.27,176.09,697.67,250.97,663.97,213.53
LAT_FORM_FB_AD_TP_002.jpg,6,0.937,731.74,259.56,810.56,326.08,771.15,292.82
LAT_FORM_FB_AD_TP_002.jpg,7,0.933,298.08,177.79,376.96,234.24,337.52,206.02
LAT_FORM_FB_AD_TP_002.jpg,8,0.922,531.29,263.27,604.98,311.35,568.14,287.31
LAT_FORM_FB_AD_TP_003.jpg,1,0.966,218.19,46.68,303.81,146.48,261.0,96.58
LAT_FORM_FB_AD_TP_003.jpg,2,0.946,736.7,258.57,838.12,333.21,787.41,295.89
LAT_FORM_FB_AD_TP_003.jpg,3,0.943,639.5,189.23,726.52,249.75,683.01,219.49
LAT_FORM_FB_AD_TP_003.jpg,4,0.94,312.79,172.35,371.24,254.95,342.02,213.65
LAT_FORM_FB_AD_TP_003.jpg,5,0.922,644.05,372.46,730.79,426.0,687.42,399.23
LAT_FORM_FB_AD_TP_003.jpg,6,0.907,560.32,266.56,618.18,337.79,589.25,302.17
LAT_FORM_FB_AD_TP_003.jpg,7,0.835,721.35,109.63,837.38,171.64,779.37,140.63
LAT_FORM_FB_AD_TP_003.jpg,8,0.462,212.55,244.49,284.61,302.09,248.58,273.29
LAT_FORM_FB_AD_TP_004.jpg,1,0.964,731.52,108.4,812.59,189.38,772.05,148.89
LAT_FORM_FB_AD_TP_004.jpg,2,0.957,203.02,229.37,291.29,291.64,247.15,260.51
LAT_FORM_FB_AD_TP_004.jpg,3,0.947,649.85,177.96,715.49,259.36,682.67,218.66
LAT_FORM_FB_AD_TP_004.jpg,4,0.943,735.12,244.19,828.13,316.92,781.63,280.55
LAT_FORM_FB_AD_TP_004.jpg,5,0.942,575.96,266.76,646.2,324.36,611.08,295.56
LAT_FORM_FB_AD_TP_004.jpg,6,0.94,208.01,62.15,303.14,145.82,255.58,103.99
LAT_FORM_FB_AD_TP_004.jpg,7,0.935,654.47,366.23,732.51,442.11,693.49,404.17
LAT_FORM_FB_AD_TP_004.jpg,8,0.932,320.88,182.04,389.81,259.97,355.35,221.0
LAT_FORM_FB_AD_TP_005.jpg,1,0.952,217.86,91.63,302.13,169.04,260.0,130.34
LAT_FORM_FB_AD_TP_005.jpg,2,0.951,566.98,273.24,625.17,345.13,596.07,309.18
LAT_FORM_FB_AD_TP_005.jpg,3,0.946,321.11,190.9,385.02,273.81,353.06,232.35
LAT_FORM_FB_AD_TP_005.jpg,4,0.939,727.45,125.2,804.9,200.45,766.18,162.83
LAT_FORM_FB_AD_TP_005.jpg,5,0.933,206.04,264.59,290.1,324.38,248.07,294.48
LAT_FORM_FB_AD_TP_005.jpg,6,0.928,638.24,381.62,714.78,449.56,676.51,415.59
LAT_FORM_FB_AD_TP_005.jpg,7,0.913,647.78,201.28,715.3,277.36,681.54,239.32
LAT_FORM_FB_AD_TP_005.jpg,8,0.792,730.12,261.51,806.46,351.99,768.29,306.75
LAT_FORM_FB_AD_TP_006.jpg,1,0.956,312.94,202.55,397.34,279.37,355.14,240.96
LAT_FORM_FB_AD_TP_006.jpg,2,0.951,221.55,98.06,308.08,168.3,264.82,133.18
LAT_FORM_FB_AD_TP_006.jpg,3,0.95,717.11,123.43,793.68,203.84,755.4,163.64
LAT_FORM_FB_AD_TP_006.jpg,4,0.948,212.06,277.85,296.52,334.36,254.29,306.11
LAT_FORM_FB_AD_TP_006.jpg,5,0.948,555.29,273.4,627.34,348.74,591.31,311.07
LAT_FORM_FB_AD_TP_006.jpg,6,0.947,633.94,199.88,706.65,280.83,670.3,240.36
LAT_FORM_FB_AD_TP_006.jpg,7,0.944,727.4,277.81,806.29,355.46,766.85,316.64
LAT_FORM_FB_AD_TP_006.jpg,8,0.924,636.99,395.69,706.53,453.79,671.76,424.74
LAT_FORM_FB_AD_TP_007.jpg,1,0.948,715.03,277.31,798.63,362.56,756.83,319.93
LAT_FORM_FB_AD_TP_007.jpg,2,0.947,618.63,391.96,700.5,457.08,659.56,424.52
LAT_FORM_FB_AD_TP_007.jpg,3,0.946,709.38,122.77,785.32,207.63,747.35,165.2
LAT_FORM_FB_AD_TP_007.jpg,4,0.943,218.77,106.16,322.45,184.8,270.61,145.48
LAT_FORM_FB_AD_TP_007.jpg,5,0.94,536.76,271.5,612.95,346.76,574.86,309.13
LAT_FORM_FB_AD_TP_007.jpg,6,0.939,631.77,203.44,704.03,285.06,667.9,244.25
LAT_FORM_FB_AD_TP_007.jpg,7,0.932,308.77,212.38,400.94,266.46,354.86,239.42
LAT_FORM_FB_AD_TP_007.jpg,8,0.932,216.12,284.63,310.08,334.69,263.1,309.66
LAT_FORM_FB_AD_TP_008.jpg,1,0.962,616.95,391.85,699.03,471.65,657.99,431.75
LAT_FORM_FB_AD_TP_008.jpg,2,0.952,535.54,274.89,607.94,347.87,571.74,311.38
LAT_FORM_FB_AD_TP_008.jpg,3,0.952,218.06,115.78,321.85,185.69,269.96,150.74
LAT_FORM_FB_AD_TP_008.jpg,4,0.942,705.38,130.1,781.17,213.49,743.28,171.79
LAT_FORM_FB_AD_TP_008.jpg,5,0.942,716.05,281.29,783.77,365.52,749.91,323.4
LAT_FORM_FB_AD_TP_008.jpg,6,0.922,310.31,214.06,409.46,266.33,359.89,240.2
LAT_FORM_FB_AD_TP_008.jpg,7,0.922,216.29,286.45,311.26,341.39,263.78,313.92
LAT_FORM_FB_AD_TP_008.jpg,8,0.486,626.9,204.96,688.83,285.8,657.86,245.38
LAT_FORM_FB_AD_TP_009.jpg,1,0.953,227.57,282.76,309.48,356.38,268.53,319.57
LAT_FORM_FB_AD_TP_009.jpg,2,0.945,703.68,148.09,780.18,215.62,741.93,181.86
LAT_FORM_FB_AD_TP_009.jpg,3,0.94,336.11,215.05,405.03,278.61,370.57,246.83
LAT_FORM_FB_AD_TP_009.jpg,4,0.929,720.1,286.88,796.77,347.91,758.43,317.4
LAT_FORM_FB_AD_TP_009.jpg,5,0.922,632.61,411.99,697.23,467.52,664.92,439.75
LAT_FORM_FB_AD_TP_009.jpg,6,0.919,542.3,289.18,600.74,347.68,571.52,318.43
LAT_FORM_FB_AD_TP_009.jpg,7,0.878,633.45,216.54,694.49,280.11,663.97,248.32
LAT_FORM_FB_AD_TP_009.jpg,8,0.454,233.32,110.36,315.27,182.43,274.3,146.39
LAT_FORM_FB_AD_TP_010.jpg,1,0.953,243.64,99.58,319.94,179.38,281.79,139.48
LAT_FORM_FB_AD_TP_010.jpg,2,0.947,628.41,234.79,709.38,291.97,668.9,263.38
LAT_FORM_FB_AD_TP_010.jpg,3,0.945,368.43,203.89,421.69,273.15,395.06,238.52
LAT_FORM_FB_AD_TP_010.jpg,4,0.944,713.33,149.51,799.86,220.09,756.6,184.8
LAT_FORM_FB_AD_TP_010.jpg,5,0.912,540.62,317.52,605.05,368.0,572.84,342.76
LAT_FORM_FB_AD_TP_010.jpg,6,0.896,629.86,429.77,705.62,490.05,667.74,459.91
LAT_FORM_FB_AD_TP_011.jpg,1,0.959,725.95,396.75,807.41,478.54,766.68,437.65
LAT_FORM_FB_AD_TP_011.jpg,2,0.951,813.52,236.38,900.12,303.8,856.82,270.09
LAT_FORM_FB_AD_TP_011.jpg,3,0.948,703.14,179.55,777.1,248.72,740.12,214.13
LAT_FORM_FB_AD_TP_011.jpg,4,0.945,697.65,69.32,776.1,148.01,736.87,108.66
LAT_FORM_FB_AD_TP_011.jpg,5,0.937,616.07,257.18,683.26,320.27,649.67,288.72
LAT_FORM_FB_AD_TP_011.jpg,6,0.931,787.93,126.3,880.6,204.67,834.27,165.49
LAT_FORM_FB_AD_TP_011.jpg,7,0.929,807.89,346.48,896.78,408.64,852.34,377.56
LAT_FORM_FB_AD_TP_011.jpg,8,0.928,706.82,292.86,776.72,357.2,741.77,325.03
LAT_FORM_FB_AD_TP_012.jpg,1,0.95,614.19,248.77,679.49,318.6,646.84,283.69
LAT_FORM_FB_AD_TP_012.jpg,2,0.947,824.19,232.28,899.78,301.04,861.98,266.66
LAT_FORM_FB_AD_TP_012.jpg,3,0.943,697.21,172.95,775.31,249.35,736.26,211.15
LAT_FORM_FB_AD_TP_012.jpg,4,0.938,800.08,117.75,873.16,202.63,836.62,160.19
LAT_FORM_FB_AD_TP_012.jpg,5,0.935,708.71,277.43,774.27,354.23,741.49,315.83
LAT_FORM_FB_AD_TP_012.jpg,6,0.934,694.43,72.07,769.37,148.23,731.9,110.15
LAT_FORM_FB_AD_TP_012.jpg,7,0.923,812.1,341.26,891.07,408.26,851.59,374.76
LAT_FORM_FB_AD_TP_012.jpg,8,0.921,725.62,400.84,801.21,467.89,763.41,434.36
LAT_FORM_FB_AD_TP_013.jpg,1,0.941,709.37,182.46,772.56,248.47,740.96,215.46
LAT_FORM_FB_AD_TP_013.jpg,2,0.939,832.47,233.97,897.22,302.77,864.85,268.37
LAT_FORM_FB_AD_TP_013.jpg,3,0.934,707.37,73.34,770.49,147.23,738.93,110.29
LAT_FORM_FB_AD_TP_013.jpg,4,0.93,615.37,258.94,676.04,319.32,645.7,289.13
LAT_FORM_FB_AD_TP_013.jpg,5,0.929,711.04,287.78,771.4,354.34,741.22,321.06
LAT_FORM_FB_AD_TP_013.jpg,6,0.928,814.35,346.42,891.61,403.27,852.98,374.84
LAT_FORM_FB_AD_TP_013.jpg,7,0.927,795.92,123.85,874.83,196.28,835.37,160.07
LAT_FORM_FB_AD_TP_014.jpg,1,0.957,803.48,236.66,908.46,294.39,855.97,265.52
LAT_FORM_FB_AD_TP_014.jpg,2,0.954,699.0,58.23,780.19,144.73,739.6,101.48
LAT_FORM_FB_AD_TP_014.jpg,3,0.953,710.52,402.77,816.44,473.26,763.48,438.02
LAT_FORM_FB_AD_TP_014.jpg,4,0.951,791.8,122.61,889.03,197.13,840.42,159.87
LAT_FORM_FB_AD_TP_014.jpg,5,0.938,602.5,259.4,677.87,319.82,640.19,289.61
LAT_FORM_FB_AD_TP_014.jpg,6,0.934,687.62,181.11,777.99,249.29,732.81,215.2
LAT_FORM_FB_AD_TP_014.jpg,7,0.932,708.29,283.37,778.03,353.89,743.16,318.63
LAT_FORM_FB_AD_TP_014.jpg,8,0.931,802.38,346.84,898.0,409.31,850.19,378.07
LAT_FORM_FB_AD_TP_015.jpg,1,0.948,385.7,459.61,484.23,525.18,434.96,492.4
LAT_FORM_FB_AD_TP_015.jpg,2,0.943,603.26,446.2,716.91,516.87,660.08,481.54
LAT_FORM_FB_AD_TP_015.jpg,3,0.936,270.99,473.63,377.06,527.52,324.02,500.58
LAT_FORM_FB_AD_TP_015.jpg,4,0.935,487.29,331.4,587.45,382.21,537.37,356.81
LAT_FORM_FB_AD_TP_015.jpg,5,0.934,602.32,311.63,716.96,371.7,659.64,341.66
LAT_FORM_FB_AD_TP_015.jpg,6,0.933,265.02,308.24,370.68,357.79,317.85,333.01
LAT_FORM_FB_AD_TP_015.jpg,7,0.907,397.78,286.52,492.11,348.59,444.94,317.55
LAT_FORM_FB_AD_TP_015.jpg,8,0.545,496.95,457.38,593.09,525.86,545.02,491.62
LAT_FORM_FB_AD_TP_016.jpg,1,0.953,603.67,324.27,704.47,382.44,654.07,353.36
LAT_FORM_FB_AD_TP_016.jpg,2,0.947,267.99,482.52,368.57,543.47,318.28,512.99
LAT_FORM_FB_AD_TP_016.jpg,3,0.946,261.57,316.66,355.7,383.52,308.64,350.09
LAT_FORM_FB_AD_TP_016.jpg,4,0.945,396.29,303.72,482.94,357.95,439.62,330.84
LAT_FORM_FB_AD_TP_016.jpg,5,0.938,490.58,324.58,567.08,397.4,528.83,360.99
LAT_FORM_FB_AD_TP_016.jpg,6,0.926,496.11,471.03,584.0,534.26,540.06,502.65
LAT_FORM_FB_AD_TP_016.jpg,7,0.923,607.45,464.43,701.21,528.03,654.33,496.23
LAT_FORM_FB_AD_TP_016.jpg,8,0.922,388.48,471.8,483.58,530.76,436.03,501.28
LAT_FORM_FB_AD_TP_017.jpg,1,0.956,613.95,462.73,724.61,529.34,669.28,496.04
LAT_FORM_FB_AD_TP_017.jpg,2,0.945,493.14,321.63,581.78,386.18,537.46,353.91
LAT_FORM_FB_AD_TP_017.jpg,3,0.943,267.26,483.2,360.3,551.66,313.78,517.43
LAT_FORM_FB_AD_TP_017.jpg,4,0.938,266.36,323.9,355.02,386.49,310.69,355.19
LAT_FORM_FB_AD_TP_017.jpg,5,0.936,507.18,468.37,586.14,540.54,546.66,504.46
LAT_FORM_FB_AD_TP_017.jpg,6,0.932,404.54,467.3,478.0,538.1,441.27,502.7
LAT_FORM_FB_AD_TP_017.jpg,7,0.931,619.61,319.93,719.22,394.42,669.41,357.17
LAT_FORM_FB_AD_TP_017.jpg,8,0.927,389.79,303.24,470.01,368.92,429.9,336.08
LAT_FORM_FB_AD_TP_018.jpg,1,0.948,384.48,461.3,477.28,544.49,430.88,502.9
LAT_FORM_FB_AD_TP_018.jpg,2,0.942,260.66,477.29,357.55,559.34,309.11,518.32
LAT_FORM_FB_AD_TP_018.jpg,3,0.936,607.32,313.6,712.83,387.7,660.08,350.65
LAT_FORM_FB_AD_TP_018.jpg,4,0.934,260.14,312.49,356.01,387.69,308.07,350.09
LAT_FORM_FB_AD_TP_018.jpg,5,0.929,494.01,468.48,601.07,533.9,547.54,501.19
LAT_FORM_FB_AD_TP_018.jpg,6,0.916,485.11,312.7,597.76,374.39,541.44,343.54
LAT_FORM_FB_AD_TP_018.jpg,7,0.783,607.96,459.23,725.06,542.05,666.51,500.64
LAT_FORM_FB_AD_TP_018.jpg,8,0.516,384.09,298.36,472.99,358.57,428.54,328.46
LAT_FORM_FB_AD_TP_019.jpg,1,0.954,256.29,294.93,361.68,359.29,308.98,327.11
LAT_FORM_FB_AD_TP_019.jpg,2,0.952,610.01,440.34,709.27,514.7,659.64,477.52
LAT_FORM_FB_AD_TP_019.jpg,3,0.951,496.71,450.1,580.52,522.2,538.61,486.15
LAT_FORM_FB_AD_TP_019.jpg,4,0.933,403.95,445.68,473.27,519.38,438.61,482.53
LAT_FORM_FB_AD_TP_019.jpg,5,0.93,386.54,287.91,481.88,354.69,434.21,321.3
LAT_FORM_FB_AD_TP_019.jpg,6,0.923,494.91,300.09,587.52,373.94,541.21,337.02
LAT_FORM_FB_AD_TP_019.jpg,7,0.905,603.97,310.7,705.89,369.53,654.93,340.12
LAT_FORM_FB_AD_TP_019.jpg,8,0.626,263.23,454.03,360.35,532.31,311.79,493.17
LAT_FORM_FB_AD_TP_019.jpg,9,0.482,263.14,454.6,360.34,532.33,311.74,493.47
LAT_FORM_FB_AD_TP_020.jpg,1,0.943,619.18,433.33,689.03,514.58,654.11,473.96
LAT_FORM_FB_AD_TP_020.jpg,2,0.939,286.29,458.2,363.87,535.69,325.08,496.94
LAT_FORM_FB_AD_TP_020.jpg,3,0.935,405.8,449.4,467.52,519.2,436.66,484.3
LAT_FORM_FB_AD_TP_020.jpg,4,0.933,627.28,307.67,685.42,369.57,656.35,338.62
LAT_FORM_FB_AD_TP_020.jpg,5,0.933,519.49,455.43,573.07,522.51,546.28,488.97
LAT_FORM_FB_AD_TP_020.jpg,6,0.923,404.62,287.61,460.94,357.54,432.78,322.58
LAT_FORM_FB_AD_TP_020.jpg,7,0.869,512.62,293.35,568.41,361.24,540.51,327.29
LAT_FORM_FB_AD_TP_020.jpg,8,0.745,274.92,296.3,345.66,357.03,310.29,326.66
LAT_FORM_FB_AD_TP_021.jpg,1,0.959,370.14,458.68,479.61,514.84,424.88,486.76
LAT_FORM_FB_AD_TP_021.jpg,2,0.957,367.88,297.44,460.59,352.89,414.23,325.17
LAT_FORM_FB_AD_TP_021.jpg,3,0.956,589.69,295.41,687.53,354.77,638.61,325.09
LAT_FORM_FB_AD_TP_021.jpg,4,0.938,250.02,288.13,358.42,351.33,304.22,319.73
LAT_FORM_FB_AD_TP_021.jpg,5,0.934,594.35,447.88,691.11,511.2,642.73,479.54
LAT_FORM_FB_AD_TP_021.jpg,6,0.93,486.02,457.93,590.94,520.83,538.48,489.38
LAT_FORM_FB_AD_TP_021.jpg,7,0.93,485.04,302.96,592.09,347.05,538.56,325.01
LAT_FORM_FB_AD_TP_021.jpg,8,0.923,253.7,472.14,360.3,529.6,307.0,500.87
LAT_FORM_FB_AD_TP_022.jpg,1,0.954,352.93,452.71,480.63,510.98,416.78,481.84
LAT_FORM_FB_AD_TP_022.jpg,2,0.949,586.47,300.33,707.7,351.92,647.08,326.13
LAT_FORM_FB_AD_TP_022.jpg,3,0.946,487.51,456.95,603.88,519.81,545.7,488.38
LAT_FORM_FB_AD_TP_022.jpg,4,0.945,353.39,294.88,472.02,351.86,412.71,323.37
LAT_FORM_FB_AD_TP_022.jpg,5,0.939,226.72,459.24,354.89,527.9,290.81,493.57
LAT_FORM_FB_AD_TP_022.jpg,6,0.933,226.16,300.49,364.24,351.48,295.2,325.99
LAT_FORM_FB_AD_TP_022.jpg,7,0.925,472.5,291.64,599.3,346.16,535.9,318.9
LAT_FORM_FB_AD_TP_022.jpg,8,0.914,595.86,432.64,689.73,509.25,642.79,470.95
LAT_FORM_FB_AD_TP_023.jpg,1,0.953,256.53,457.47,345.65,527.55,301.09,492.51
LAT_FORM_FB_AD_TP_023.jpg,2,0.951,498.0,271.48,567.42,346.05,532.71,308.77
LAT_FORM_FB_AD_TP_023.jpg,3,0.948,598.15,443.67,679.67,512.55,638.91,478.11
LAT_FORM_FB_AD_TP_023.jpg,4,0.935,380.55,447.24,451.01,516.64,415.78,481.94
LAT_FORM_FB_AD_TP_023.jpg,5,0.935,248.45,288.99,335.35,351.67,291.9,320.33
LAT_FORM_FB_AD_TP_023.jpg,6,0.934,376.27,296.61,444.87,348.25,410.57,322.43
LAT_FORM_FB_AD_TP_023.jpg,7,0.934,505.05,448.65,573.45,517.05,539.25,482.85
LAT_FORM_FB_AD_TP_023.jpg,8,0.933,586.89,306.56,673.06,352.18,629.97,329.37
LAT_FORM_FB_AD_TP_024.jpg,1,0.963,497.54,267.91,562.59,345.38,530.06,306.64
LAT_FORM_FB_AD_TP_024.jpg,2,0.955,588.59,285.12,677.99,353.52,633.29,319.32
LAT_FORM_FB_AD_TP_024.jpg,3,0.954,597.04,429.26,684.21,508.39,640.62,468.83
LAT_FORM_FB_AD_TP_024.jpg,4,0.95,271.0,438.05,338.49,525.97,304.74,482.01
LAT_FORM_FB_AD_TP_024.jpg,5,0.948,267.33,270.07,331.69,352.39,299.51,311.23
LAT_FORM_FB_AD_TP_024.jpg,6,0.944,503.78,431.53,568.9,518.58,536.34,475.06
LAT_FORM_FB_AD_TP_024.jpg,7,0.929,374.73,286.34,443.0,350.38,408.86,318.36
LAT_FORM_FB_AD_TP_024.jpg,8,0.917,401.75,434.92,459.26,520.52,430.51,477.72
LAT_FORM_FB_AD_TP_025.jpg,1,0.954,597.74,442.66,684.39,508.0,641.07,475.33
LAT_FORM_FB_AD_TP_025.jpg,2,0.952,385.47,296.44,443.95,349.59,414.71,323.01
LAT_FORM_FB_AD_TP_025.jpg,3,0.937,497.71,285.11,564.9,345.11,531.3,315.11
LAT_FORM_FB_AD_TP_025.jpg,4,0.935,588.61,303.51,677.43,355.09,633.02,329.3
LAT_FORM_FB_AD_TP_025.jpg,5,0.933,268.69,288.38,338.47,350.63,303.58,319.5
LAT_FORM_FB_AD_TP_025.jpg,6,0.926,505.24,444.85,569.22,516.34,537.23,480.6
LAT_FORM_FB_AD_TP_025.jpg,7,0.918,401.92,448.66,457.16,520.08,429.54,484.37
LAT_FORM_FB_AD_TP_025.jpg,8,0.907,275.98,454.15,336.5,523.06,306.24,488.61
LAT_FORM_FB_AD_TP_026.jpg,1,0.972,318.91,328.89,429.65,403.62,374.28,366.25
LAT_FORM_FB_AD_TP_026.jpg,2,0.958,433.36,160.96,518.22,248.04,475.79,204.5
LAT_FORM_FB_AD_TP_026.jpg,3,0.954,200.43,323.78,300.14,404.93,250.28,364.35
LAT_FORM_FB_AD_TP_026.jpg,4,0.945,378.68,243.13,486.55,343.27,432.62,293.2
LAT_FORM_FB_AD_TP_026.jpg,5,0.945,318.87,167.16,422.67,241.15,370.77,204.16
LAT_FORM_FB_AD_TP_026.jpg,6,0.943,214.01,170.27,301.69,252.44,257.85,211.35
LAT_FORM_FB_AD_TP_026.jpg,7,0.94,265.54,87.7,368.12,172.08,316.83,129.89
LAT_FORM_FB_AD_TP_026.jpg,8,0.934,260.29,273.03,360.16,329.91,310.23,301.47
LAT_FORM_FB_AD_TP_027.jpg,1,0.957,186.44,312.81,296.2,407.09,241.32,359.95
LAT_FORM_FB_AD_TP_027.jpg,2,0.953,199.86,157.87,296.58,247.64,248.22,202.76
LAT_FORM_FB_AD_TP_027.jpg,3,0.948,315.91,169.15,407.8,239.74,361.85,204.45
LAT_FORM_FB_AD_TP_027.jpg,4,0.946,317.46,322.07,406.61,399.67,362.03,360.87
LAT_FORM_FB_AD_TP_027.jpg,5,0.943,251.99,75.38,346.11,160.2,299.05,117.79
LAT_FORM_FB_AD_TP_027.jpg,6,0.935,384.91,247.54,462.24,320.15,423.57,283.84
LAT_FORM_FB_AD_TP_027.jpg,7,0.934,448.6,172.35,515.44,245.54,482.02,208.94
LAT_FORM_FB_AD_TP_027.jpg,8,0.885,244.67,262.93,341.94,324.75,293.3,293.84
LAT_FORM_FB_AD_TP_028.jpg,1,0.967,321.5,333.37,405.52,408.76,363.51,371.07
LAT_FORM_FB_AD_TP_028.jpg,2,0.965,198.47,330.46,293.92,419.95,246.2,375.2
LAT_FORM_FB_AD_TP_028.jpg,3,0.958,197.68,166.5,291.21,236.48,244.45,201.49
LAT_FORM_FB_AD_TP_028.jpg,4,0.956,256.03,71.67,345.61,156.39,300.82,114.03
LAT_FORM_FB_AD_TP_028.jpg,5,0.94,308.24,165.41,406.52,240.96,357.38,203.18
LAT_FORM_FB_AD_TP_028.jpg,6,0.939,256.85,267.23,342.81,331.21,299.83,299.22
LAT_FORM_FB_AD_TP_028.jpg,7,0.935,389.2,249.38,464.65,323.08,426.92,286.23
LAT_FORM_FB_AD_TP_028.jpg,8,0.927,435.7,166.69,516.4,247.77,476.05,207.23
LAT_FORM_FB_AD_TP_029.jpg,1,0.968,312.02,336.4,405.01,404.61,358.52,370.51
LAT_FORM_FB_AD_TP_029.jpg,2,0.959,194.81,325.04,287.56,413.93,241.19,369.48
LAT_FORM_FB_AD_TP_029.jpg,3,0.958,446.09,173.59,525.97,250.54,486.03,212.06
LAT_FORM_FB_AD_TP_029.jpg,4,0.953,318.15,171.23,404.9,238.75,361.53,204.99
LAT_FORM_FB_AD_TP_029.jpg,5,0.949,393.66,252.06,470.41,321.69,432.03,286.88
LAT_FORM_FB_AD_TP_029.jpg,6,0.949,256.62,78.84,349.01,156.76,302.81,117.8
LAT_FORM_FB_AD_TP_029.jpg,7,0.941,254.26,266.78,344.35,326.54,299.3,296.66
LAT_FORM_FB_AD_TP_029.jpg,8,0.885,201.73,152.48,292.17,242.06,246.95,197.27
LAT_FORM_FB_AD_TP_030.jpg,1,0.956,266.7,263.37,344.67,333.06,305.68,298.21
LAT_FORM_FB_AD_TP_030.jpg,2,0.954,454.78,178.07,525.92,251.91,490.35,214.99
LAT_FORM_FB_AD_TP_030.jpg,3,0.954,265.98,76.87,349.26,157.32,307.62,117.09
LAT_FORM_FB_AD_TP_030.jpg,4,0.953,336.24,170.33,406.23,238.96,371.23,204.65
LAT_FORM_FB_AD_TP_030.jpg,5,0.95,409.32,246.48,470.07,333.19,439.69,289.84
LAT_FORM_FB_AD_TP_030.jpg,6,0.947,198.91,336.75,292.09,421.51,245.5,379.13
LAT_FORM_FB_AD_TP_030.jpg,7,0.946,213.25,160.11,291.25,241.7,252.25,200.91
LAT_FORM_FB_AD_TP_030.jpg,8,0.944,341.79,333.61,413.38,414.27,377.59,373.94
LAT_FORM_FB_AD_TP_031.jpg,1,0.95,494.51,184.91,547.8,251.19,521.15,218.05
LAT_FORM_FB_AD_TP_031.jpg,2,0.947,288.94,97.3,362.43,162.36,325.68,129.83
LAT_FORM_FB_AD_TP_031.jpg,3,0.942,210.13,362.52,317.58,429.78,263.85,396.15
LAT_FORM_FB_AD_TP_031.jpg,4,0.939,363.58,359.23,442.17,414.48,402.88,386.86
LAT_FORM_FB_AD_TP_031.jpg,5,0.937,209.36,182.13,298.7,243.83,254.03,212.98
LAT_FORM_FB_AD_TP_031.jpg,6,0.921,424.14,273.44,494.7,320.11,459.42,296.78
LAT_FORM_FB_AD_TP_031.jpg,7,0.663,357.86,172.54,440.24,239.46,399.05,206.0
LAT_FORM_FB_AD_TP_031.jpg,8,0.647,357.59,172.09,441.27,239.25,399.43,205.67
LAT_FORM_FB_AD_TP_032.jpg,1,0.945,309.46,100.45,372.5,171.96,340.98,136.21
LAT_FORM_FB_AD_TP_032.jpg,2,0.941,389.06,174.3,451.0,233.11,420.03,203.7
LAT_FORM_FB_AD_TP_032.jpg,3,0.938,392.07,361.48,453.14,420.85,422.6,391.16
LAT_FORM_FB_AD_TP_032.jpg,4,0.934,502.61,191.39,583.19,242.49,542.9,216.94
LAT_FORM_FB_AD_TP_032.jpg,5,0.928,249.59,366.91,325.78,423.33,287.69,395.12
LAT_FORM_FB_AD_TP_032.jpg,6,0.889,223.79,195.68,305.48,256.0,264.63,225.84
LAT_FORM_FB_AD_TP_032.jpg,7,0.808,444.89,270.22,511.3,332.62,478.1,301.42
LAT_FORM_FB_AD_TP_032.jpg,8,0.779,323.72,272.52,383.43,321.2,353.57,296.86
LAT_FORM_FB_AD_TP_033.jpg,1,0.944,488.39,276.03,555.36,324.85,521.88,300.44
LAT_FORM_FB_AD_TP_033.jpg,2,0.922,426.97,165.7,489.5,220.78,458.23,193.24
LAT_FORM_FB_AD_TP_033.jpg,3,0.921,422.11,354.71,483.96,410.5,453.03,382.6
LAT_FORM_FB_AD_TP_033.jpg,4,0.91,248.41,203.13,323.06,255.04,285.73,229.09
LAT_FORM_FB_AD_TP_033.jpg,5,0.909,277.16,360.79,351.23,418.25,314.2,389.52
LAT_FORM_FB_AD_TP_033.jpg,6,0.898,551.94,188.34,624.99,238.75,588.47,213.55
LAT_FORM_FB_AD_TP_033.jpg,7,0.897,359.17,267.82,420.87,313.46,390.02,290.64
LAT_FORM_FB_AD_TP_033.jpg,8,0.546,325.07,111.7,391.45,179.5,358.26,145.6
LAT_FORM_FB_AD_TP_034.jpg,1,0.952,297.18,354.29,369.58,414.44,333.38,384.37
LAT_FORM_FB_AD_TP_034.jpg,2,0.941,597.02,162.17,654.02,244.5,625.52,203.34
LAT_FORM_FB_AD_TP_034.jpg,3,0.936,268.66,201.76,332.62,257.69,300.64,229.72
LAT_FORM_FB_AD_TP_034.jpg,4,0.931,527.94,255.71,578.17,319.43,553.05,287.57
LAT_FORM_FB_AD_TP_034.jpg,5,0.916,456.04,154.46,514.09,224.8,485.06,189.63
LAT_FORM_FB_AD_TP_034.jpg,6,0.902,393.08,247.51,452.66,310.82,422.87,279.16
LAT_FORM_FB_AD_TP_034.jpg,7,0.856,347.96,106.65,407.9,183.91,377.93,145.28
LAT_FORM_FB_AD_TP_034.jpg,8,0.832,457.74,348.09,521.36,413.61,489.55,380.85
LAT_FORM_FB_AD_TP_035.jpg,1,0.962,553.62,224.79,630.86,309.59,592.24,267.19
LAT_FORM_FB_AD_TP_035.jpg,2,0.959,354.1,89.18,424.08,187.07,389.09,138.12
LAT_FORM_FB_AD_TP_035.jpg,3,0.956,612.29,133.37,708.02,223.01,660.16,178.19
LAT_FORM_FB_AD_TP_035.jpg,4,0.955,481.84,318.75,545.03,406.21,513.43,362.48
LAT_FORM_FB_AD_TP_035.jpg,5,0.947,326.05,334.46,407.98,419.17,367.02,376.82
LAT_FORM_FB_AD_TP_035.jpg,6,0.936,481.75,124.37,554.37,222.76,518.06,173.56
LAT_FORM_FB_AD_TP_035.jpg,7,0.928,411.03,234.58,507.16,309.52,459.1,272.05
LAT_FORM_FB_AD_TP_035.jpg,8,0.801,278.0,188.27,354.92,276.79,316.46,232.53
LAT_FORM_FB_AD_TP_036.jpg,1,0.974,340.32,312.85,443.12,411.07,391.72,361.96
LAT_FORM_FB_AD_TP_036.jpg,2,0.959,282.23,182.79,371.15,298.71,326.69,240.75
LAT_FORM_FB_AD_TP_036.jpg,3,0.958,650.89,115.61,748.93,195.05,699.91,155.33
LAT_FORM_FB_AD_TP_036.jpg,4,0.957,591.73,200.38,676.91,295.19,634.32,247.78
LAT_FORM_FB_AD_TP_036.jpg,5,0.955,506.21,105.97,593.81,191.06,550.01,148.51
LAT_FORM_FB_AD_TP_036.jpg,6,0.94,353.85,94.62,461.2,186.99,407.52,140.8
LAT_FORM_FB_AD_TP_036.jpg,7,0.929,505.41,293.32,578.32,386.01,541.87,339.66
LAT_FORM_FB_AD_TP_037.jpg,1,0.948,680.44,56.69,769.16,168.52,724.8,112.61
LAT_FORM_FB_AD_TP_037.jpg,2,0.945,460.12,170.19,563.79,279.65,511.96,224.92
LAT_FORM_FB_AD_TP_037.jpg,3,0.943,376.44,49.66,457.57,183.06,417.01,116.36
LAT_FORM_FB_AD_TP_037.jpg,4,0.943,372.01,291.0,459.05,409.63,415.53,350.31
LAT_FORM_FB_AD_TP_037.jpg,5,0.94,537.0,265.62,610.69,363.52,573.85,314.57
LAT_FORM_FB_AD_TP_037.jpg,6,0.933,291.64,191.79,390.96,305.36,341.3,248.58
LAT_FORM_FB_AD_TP_037.jpg,7,0.93,542.26,72.96,644.68,170.84,593.47,121.9
LAT_FORM_FB_AD_TP_037.jpg,8,0.928,621.03,163.21,710.73,285.15,665.88,224.18
LAT_FORM_FB_AD_TP_038.jpg,1,0.954,343.1,296.21,414.44,367.6,378.77,331.9
LAT_FORM_FB_AD_TP_038.jpg,2,0.937,440.86,159.9,496.23,243.69,468.54,201.79
LAT_FORM_FB_AD_TP_038.jpg,3,0.936,175.15,445.91,254.83,529.41,214.99,487.66
LAT_FORM_FB_AD_TP_038.jpg,4,0.935,283.72,167.39,351.29,241.9,317.51,204.65
LAT_FORM_FB_AD_TP_038.jpg,5,0.929,165.93,253.89,245.81,325.77,205.87,289.83
LAT_FORM_FB_AD_TP_038.jpg,6,0.902,265.78,396.09,325.78,477.77,295.78,436.93
LAT_FORM_FB_AD_TP_038.jpg,7,0.884,452.52,387.53,509.6,452.6,481.06,420.07
LAT_FORM_FB_AD_TP_038.jpg,8,0.872,344.2,473.99,406.19,556.22,375.19,515.11
LAT_FORM_FB_AD_TP_039.jpg,1,0.958,363.43,448.78,425.37,544.2,394.4,496.49
LAT_FORM_FB_AD_TP_039.jpg,2,0.952,291.74,353.06,386.55,424.37,339.14,388.72
LAT_FORM_FB_AD_TP_039.jpg,3,0.951,462.91,357.61,527.26,438.12,495.09,397.87
LAT_FORM_FB_AD_TP_039.jpg,4,0.95,197.63,225.59,276.62,299.21,237.12,262.4
LAT_FORM_FB_AD_TP_039.jpg,5,0.948,466.51,138.19,534.12,221.99,500.32,180.09
LAT_FORM_FB_AD_TP_039.jpg,6,0.936,193.85,432.13,267.23,511.71,230.54,471.92
LAT_FORM_FB_AD_TP_039.jpg,7,0.933,296.25,140.09,368.55,219.02,332.4,179.55
LAT_FORM_FB_AD_TP_039.jpg,8,0.93,358.12,272.05,430.68,346.38,394.4,309.21
LAT_FORM_FB_AD_TP_040.jpg,1,0.964,280.25,337.28,393.19,412.83,336.72,375.06
LAT_FORM_FB_AD_TP_040.jpg,2,0.942,261.52,227.38,337.62,314.7,299.57,271.04
LAT_FORM_FB_AD_TP_040.jpg,3,0.932,265.57,439.42,337.26,530.3,301.42,484.86
LAT_FORM_FB_AD_TP_040.jpg,4,0.932,464.94,139.7,551.65,215.14,508.29,177.42
LAT_FORM_FB_AD_TP_040.jpg,5,0.919,466.53,350.96,562.32,421.92,514.43,386.44
LAT_FORM_FB_AD_TP_040.jpg,6,0.915,411.54,276.93,483.17,356.83,447.36,316.88
LAT_FORM_FB_AD_TP_040.jpg,7,0.909,417.61,474.63,484.68,555.43,451.15,515.03
LAT_FORM_FB_AD_TP_040.jpg,8,0.906,284.98,136.2,391.01,214.05,338.0,175.13
LAT_FORM_FB_AD_TP_041.jpg,1,0.952,278.27,342.96,388.01,416.56,333.14,379.76
LAT_FORM_FB_AD_TP_041.jpg,2,0.949,515.4,472.91,586.78,565.61,551.09,519.26
LAT_FORM_FB_AD_TP_041.jpg,3,0.943,463.15,347.57,559.19,424.72,511.17,386.14
LAT_FORM_FB_AD_TP_041.jpg,4,0.943,510.25,282.28,584.5,358.41,547.38,320.34
LAT_FORM_FB_AD_TP_041.jpg,5,0.94,350.77,229.11,421.63,330.14,386.2,279.62
LAT_FORM_FB_AD_TP_041.jpg,6,0.863,456.7,134.95,543.38,211.82,500.04,173.39
LAT_FORM_FB_AD_TP_041.jpg,7,0.83,283.2,135.04,385.53,215.7,334.36,175.37
LAT_FORM_FB_AD_TP_041.jpg,8,0.646,353.98,444.73,427.32,554.25,390.65,499.49
LAT_FORM_FB_AD_TP_042.jpg,1,0.945,451.18,164.57,521.14,237.67,486.16,201.12
LAT_FORM_FB_AD_TP_042.jpg,2,0.939,435.53,504.09,500.38,590.78,467.96,547.44
LAT_FORM_FB_AD_TP_042.jpg,3,0.935,336.78,428.86,427.1,487.06,381.94,457.96
LAT_FORM_FB_AD_TP_042.jpg,4,0.93,540.11,248.22,613.59,316.47,576.85,282.34
LAT_FORM_FB_AD_TP_042.jpg,5,0.929,341.85,240.78,424.53,303.29,383.19,272.04
LAT_FORM_FB_AD_TP_042.jpg,6,0.918,267.87,331.27,356.04,396.01,311.96,363.64
LAT_FORM_FB_AD_TP_042.jpg,7,0.914,634.82,327.71,724.39,395.02,679.6,361.37
LAT_FORM_FB_AD_TP_042.jpg,8,0.892,531.6,448.58,596.72,529.62,564.16,489.1
LAT_FORM_FB_AD_TP_043.jpg,1,0.944,452.19,137.67,566.0,223.03,509.1,180.35
LAT_FORM_FB_AD_TP_043.jpg,2,0.941,544.08,439.31,640.57,510.05,592.32,474.68
LAT_FORM_FB_AD_TP_043.jpg,3,0.938,362.54,423.73,446.16,493.03,404.35,458.38
LAT_FORM_FB_AD_TP_043.jpg,4,0.935,450.5,531.8,553.44,594.0,501.97,562.9
LAT_FORM_FB_AD_TP_043.jpg,5,0.931,652.88,317.3,752.61,386.44,702.75,351.87
LAT_FORM_FB_AD_TP_043.jpg,6,0.911,554.17,238.19,650.81,292.34,602.49,265.27
LAT_FORM_FB_AD_TP_043.jpg,7,0.903,359.6,241.6,456.56,313.47,408.08,277.54
LAT_FORM_FB_AD_TP_043.jpg,8,0.558,288.43,327.3,375.9,386.98,332.16,357.14
LAT_FORM_FB_AD_TP_044.jpg,1,0.969,568.64,141.77,644.32,258.91,606.48,200.34
LAT_FORM_FB_AD_TP_044.jpg,2,0.96,712.37,155.32,798.86,258.82,755.61,207.07
LAT_FORM_FB_AD_TP_044.jpg,3,0.952,709.2,383.93,812.28,491.8,760.74,437.86
LAT_FORM_FB_AD_TP_044.jpg,4,0.95,387.05,156.6,443.39,277.87,415.22,217.23
LAT_FORM_FB_AD_TP_044.jpg,5,0.941,568.33,355.33,659.19,441.36,613.76,398.34
LAT_FORM_FB_AD_TP_044.jpg,6,0.936,211.96,139.59,288.44,262.48,250.2,201.04
LAT_FORM_FB_AD_TP_044.jpg,7,0.933,368.41,355.61,449.72,456.56,409.07,406.08
LAT_FORM_FB_AD_TP_044.jpg,8,0.868,208.51,365.58,270.37,471.69,239.44,418.63
LAT_FORM_FB_AD_TP_045.jpg,1,0.958,369.17,160.03,462.11,256.96,415.64,208.5
LAT_FORM_FB_AD_TP_045.jpg,2,0.952,569.73,135.02,645.54,246.32,607.63,190.67
LAT_FORM_FB_AD_TP_045.jpg,3,0.946,210.04,149.76,315.12,249.9,262.58,199.83
LAT_FORM_FB_AD_TP_045.jpg,4,0.945,704.86,145.65,766.33,257.58,735.59,201.61
LAT_FORM_FB_AD_TP_045.jpg,5,0.943,698.53,386.33,815.06,470.89,756.79,428.61
LAT_FORM_FB_AD_TP_045.jpg,6,0.938,567.93,321.39,628.88,449.02,598.4,385.21
LAT_FORM_FB_AD_TP_045.jpg,7,0.93,373.58,331.07,453.05,462.05,413.32,396.56
LAT_FORM_FB_AD_TP_045.jpg,8,0.863,185.01,355.19,306.11,447.87,245.56,401.53
LAT_FORM_FB_AD_TP_046.jpg,1,0.959,436.87,338.66,548.74,448.78,492.81,393.72
LAT_FORM_FB_AD_TP_046.jpg,2,0.95,448.78,145.72,562.48,253.18,505.63,199.45
LAT_FORM_FB_AD_TP_046.jpg,3,0.95,331.92,130.63,400.44,264.25,366.18,197.44
LAT_FORM_FB_AD_TP_046.jpg,4,0.928,604.92,150.45,697.36,274.73,651.14,212.59
LAT_FORM_FB_AD_TP_046.jpg,5,0.924,299.13,360.59,406.1,461.28,352.61,410.93
LAT_FORM_FB_AD_TP_047.jpg,1,0.951,311.68,321.7,401.31,440.29,356.5,381.0
LAT_FORM_FB_AD_TP_047.jpg,2,0.951,469.49,325.46,551.25,433.15,510.37,379.3
LAT_FORM_FB_AD_TP_047.jpg,3,0.94,462.32,139.46,570.07,227.72,516.2,183.59
LAT_FORM_FB_AD_TP_047.jpg,4,0.937,595.26,334.92,694.42,455.47,644.84,395.19
LAT_FORM_FB_AD_TP_047.jpg,5,0.905,635.78,133.71,692.26,268.6,664.02,201.15
LAT_FORM_FB_AD_TP_047.jpg,6,0.873,346.07,125.21,404.07,244.46,375.07,184.84
LAT_FORM_FB_AD_TP_048.jpg,1,0.945,647.62,387.24,772.97,438.85,710.29,413.05
LAT_FORM_FB_AD_TP_048.jpg,2,0.924,205.05,354.74,341.98,397.82,273.52,376.28
LAT_FORM_FB_AD_TP_048.jpg,3,0.921,642.32,187.14,768.55,239.43,705.44,213.28
LAT_FORM_FB_AD_TP_048.jpg,4,0.919,205.4,188.3,353.38,235.37,279.39,211.83
LAT_FORM_FB_AD_TP_048.jpg,5,0.715,497.86,175.1,615.43,228.37,556.64,201.73
LAT_FORM_FB_AD_TP_048.jpg,6,0.711,502.65,370.88,611.18,419.08,556.91,394.98
LAT_FORM_FB_AD_TP_048.jpg,7,0.65,359.27,147.86,503.61,221.99,431.44,184.92
LAT_FORM_FB_AD_TP_049.jpg,1,0.953,656.16,383.73,774.74,444.77,715.45,414.25
LAT_FORM_FB_AD_TP_049.jpg,2,0.946,226.2,348.74,334.82,407.03,280.51,377.88
LAT_FORM_FB_AD_TP_049.jpg,3,0.941,533.88,366.68,635.48,429.87,584.68,398.27
LAT_FORM_FB_AD_TP_049.jpg,4,0.941,660.78,181.66,759.77,250.29,710.28,215.98
LAT_FORM_FB_AD_TP_049.jpg,5,0.935,519.79,176.13,632.35,232.3,576.07,204.21
LAT_FORM_FB_AD_TP_049.jpg,6,0.927,225.11,184.67,335.07,241.02,280.09,212.84
LAT_FORM_FB_AD_TP_049.jpg,7,0.914,378.56,164.22,486.87,225.32,432.72,194.77
LAT_FORM_FB_AD_TP_049.jpg,8,0.665,380.25,349.83,482.14,410.68,431.19,380.26
LAT_FORM_FB_AD_TP_050.jpg,1,0.95,172.23,112.15,263.61,186.14,217.92,149.14
LAT_FORM_FB_AD_TP_050.jpg,2,0.948,404.8,197.25,469.33,257.66,437.06,227.45
LAT_FORM_FB_AD_TP_050.jpg,3,0.945,495.96,113.98,570.86,183.42,533.41,148.7
LAT_FORM_FB_AD_TP_050.jpg,4,0.944,329.61,105.86,396.2,173.44,362.9,139.65
LAT_FORM_FB_AD_TP_050.jpg,5,0.928,252.62,202.62,334.07,259.05,293.34,230.84
LAT_FORM_FB_AD_TP_050.jpg,6,0.919,419.41,24.13,481.45,90.33,450.43,57.23
LAT_FORM_FB_AD_TP_050.jpg,7,0.416,243.11,0.0,308.28,86.66,275.7,43.33
LAT_FORM_FB_AD_TP_051.jpg,1,0.955,468.29,165.89,525.99,225.38,497.14,195.63
LAT_FORM_FB_AD_TP_051.jpg,2,0.949,302.13,142.63,376.61,207.95,339.37,175.29
LAT_FORM_FB_AD_TP_051.jpg,3,0.947,391.34,65.85,453.16,136.15,422.25,101.0
LAT_FORM_FB_AD_TP_051.jpg,4,0.945,385.77,231.06,442.48,295.8,414.12,263.43
LAT_FORM_FB_AD_TP_051.jpg,5,0.944,220.48,53.47,301.62,119.55,261.05,86.51
LAT_FORM_FB_AD_TP_051.jpg,6,0.943,225.14,249.23,311.56,306.62,268.35,277.93
LAT_FORM_FB_AD_TP_051.jpg,7,0.931,123.05,159.91,215.34,222.86,169.19,191.39
LAT_FORM_FB_AD_TP_051.jpg,8,0.902,313.33,0.0,386.51,52.18,349.92,26.09
LAT_FORM_FB_AD_TP_052.jpg,1,0.951,361.3,326.7,428.84,395.11,395.07,360.91
LAT_FORM_FB_AD_TP_052.jpg,2,0.942,271.87,228.24,344.75,286.4,308.31,257.32
LAT_FORM_FB_AD_TP_052.jpg,3,0.937,187.95,126.96,267.18,189.1,227.57,158.03
LAT_FORM_FB_AD_TP_052.jpg,4,0.934,442.68,245.62,513.19,308.95,477.94,277.28
LAT_FORM_FB_AD_TP_052.jpg,5,0.93,279.59,42.93,349.2,113.24,314.4,78.09
LAT_FORM_FB_AD_TP_052.jpg,6,0.921,358.86,148.96,422.19,210.93,390.53,179.95
LAT_FORM_FB_AD_TP_052.jpg,7,0.715,173.2,324.99,260.24,387.31,216.72,356.15
LAT_FORM_FB_AD_TP_053.jpg,1,0.951,577.73,383.41,617.37,449.06,597.55,416.24
LAT_FORM_FB_AD_TP_053.jpg,2,0.945,696.79,322.98,763.39,389.02,730.09,356.0
LAT_FORM_FB_AD_TP_053.jpg,3,0.934,640.43,78.54,718.37,141.93,679.4,110.24
LAT_FORM_FB_AD_TP_053.jpg,4,0.93,567.41,154.93,617.59,212.24,592.5,183.59
LAT_FORM_FB_AD_TP_053.jpg,5,0.928,532.63,276.48,583.39,333.28,558.01,304.88
LAT_FORM_FB_AD_TP_053.jpg,6,0.912,700.56,166.83,764.11,222.18,732.33,194.51
LAT_FORM_FB_AD_TP_053.jpg,7,0.85,653.94,245.38,717.24,304.84,685.59,275.11
LAT_FORM_FB_AD_TP_053.jpg,8,0.835,755.19,247.14,824.2,308.18,789.7,277.66
LAT_FORM_FB_AD_TP_054.jpg,1,0.952,735.0,342.38,855.83,406.41,795.41,374.39
LAT_FORM_FB_AD_TP_054.jpg,2,0.949,574.12,277.53,668.42,338.21,621.27,307.87
LAT_FORM_FB_AD_TP_054.jpg,3,0.947,435.07,322.25,525.17,383.33,480.12,352.79
LAT_FORM_FB_AD_TP_054.jpg,4,0.941,726.32,119.48,822.09,183.58,774.2,151.53
LAT_FORM_FB_AD_TP_054.jpg,5,0.927,617.1,99.69,714.61,182.04,665.86,140.86
LAT_FORM_FB_AD_TP_054.jpg,6,0.919,747.1,234.9,847.83,298.33,797.46,266.62
LAT_FORM_FB_AD_TP_054.jpg,7,0.807,498.77,87.63,591.59,148.83,545.18,118.23
LAT_FORM_FB_AD_TP_054.jpg,8,0.478,459.48,217.2,531.58,283.85,495.53,250.52
LAT_FORM_FB_AD_TP_055.jpg,1,0.964,520.54,289.92,632.58,372.56,576.56,331.24
LAT_FORM_FB_AD_TP_055.jpg,2,0.959,617.82,274.82,745.06,366.19,681.44,320.5
LAT_FORM_FB_AD_TP_055.jpg,3,0.941,526.36,189.54,636.68,258.5,581.52,224.02
LAT_FORM_FB_AD_TP_055.jpg,4,0.94,745.25,83.11,874.58,167.7,809.92,125.4
LAT_FORM_FB_AD_TP_055.jpg,5,0.843,504.69,75.5,637.82,143.08,571.25,109.29
LAT_FORM_FB_AD_TP_055.jpg,6,0.781,619.61,80.95,740.11,181.3,679.86,131.13
LAT_FORM_FB_AD_TP_055.jpg,7,0.476,739.92,196.27,867.87,288.92,803.9,242.6
LAT_FORM_FB_AD_TP_056.jpg,1,0.971,761.09,59.22,892.31,157.36,826.7,108.29
LAT_FORM_FB_AD_TP_056.jpg,2,0.961,623.37,277.54,749.03,359.56,686.2,318.55
LAT_FORM_FB_AD_TP_056.jpg,3,0.957,531.07,50.97,627.72,136.97,579.4,93.97
LAT_FORM_FB_AD_TP_056.jpg,4,0.947,539.04,283.9,632.06,367.09,585.55,325.5
LAT_FORM_FB_AD_TP_056.jpg,5,0.923,544.03,178.6,646.59,255.92,595.31,217.26
LAT_FORM_FB_AD_TP_056.jpg,6,0.91,629.7,61.24,758.6,179.54,694.15,120.39
LAT_FORM_FB_AD_TP_056.jpg,7,0.779,734.43,290.39,878.31,377.45,806.37,333.92
LAT_FORM_FB_AD_TP_056.jpg,8,0.678,754.81,189.07,873.65,280.08,814.23,234.57
LAT_FORM_FB_AD_TP_057.jpg,1,0.961,637.23,293.26,735.03,361.59,686.13,327.42
LAT_FORM_FB_AD_TP_057.jpg,2,0.961,516.81,186.51,608.85,260.63,562.83,223.57
LAT_FORM_FB_AD_TP_057.jpg,3,0.949,528.49,299.6,627.4,375.51,577.95,337.56
LAT_FORM_FB_AD_TP_057.jpg,4,0.948,633.57,90.44,736.47,167.93,685.02,129.18
LAT_FORM_FB_AD_TP_057.jpg,5,0.94,756.03,317.34,869.06,385.16,812.55,351.25
LAT_FORM_FB_AD_TP_057.jpg,6,0.938,760.54,210.28,866.62,272.27,813.58,241.27
LAT_FORM_FB_AD_TP_057.jpg,7,0.937,763.39,69.94,867.32,153.67,815.36,111.81
LAT_FORM_FB_AD_TP_057.jpg,8,0.855,519.18,71.82,616.1,157.14,567.64,114.48
LAT_FORM_FB_AD_TP_058.jpg,1,0.967,772.27,316.96,866.58,390.03,819.43,353.5
LAT_FORM_FB_AD_TP_058.jpg,2,0.958,542.89,307.65,622.9,387.12,582.9,347.38
LAT_FORM_FB_AD_TP_058.jpg,3,0.956,650.68,289.29,716.18,363.01,683.43,326.15
LAT_FORM_FB_AD_TP_058.jpg,4,0.955,538.67,60.96,606.62,163.26,572.65,112.11
LAT_FORM_FB_AD_TP_058.jpg,5,0.952,654.71,80.33,719.36,169.88,687.03,125.1
LAT_FORM_FB_AD_TP_058.jpg,6,0.951,779.03,63.26,851.93,149.98,815.48,106.62
LAT_FORM_FB_AD_TP_058.jpg,7,0.932,771.46,211.36,851.65,277.19,811.55,244.27
LAT_FORM_FB_AD_TP_058.jpg,8,0.709,532.06,189.75,614.24,262.52,573.15,226.13
LAT_FORM_FB_AD_TP_059.jpg,1,0.945,464.5,35.21,523.0,106.95,493.75,71.08
LAT_FORM_FB_AD_TP_059.jpg,2,0.939,462.03,250.87,520.74,305.6,491.39,278.23
LAT_FORM_FB_AD_TP_059.jpg,3,0.938,594.83,143.11,652.03,197.48,623.43,170.3
LAT_FORM_FB_AD_TP_059.jpg,4,0.919,595.91,354.19,645.96,409.3,620.94,381.74
LAT_FORM_FB_AD_TP_059.jpg,5,0.913,482.66,469.95,532.4,543.74,507.53,506.84
LAT_FORM_FB_AD_TP_059.jpg,6,0.892,705.21,245.91,770.86,299.04,738.04,272.47
LAT_FORM_FB_AD_TP_060.jpg,1,0.947,594.91,344.97,655.04,416.09,624.98,380.53
LAT_FORM_FB_AD_TP_060.jpg,2,0.94,701.15,221.63,772.3,300.9,736.72,261.27
LAT_FORM_FB_AD_TP_060.jpg,3,0.937,463.36,29.84,508.45,108.51,485.9,69.17
LAT_FORM_FB_AD_TP_060.jpg,4,0.925,466.68,253.72,532.19,321.73,499.43,287.73
LAT_FORM_FB_AD_TP_060.jpg,5,0.918,589.47,129.85,651.24,198.26,620.35,164.05
LAT_FORM_FB_AD_TP_060.jpg,6,0.885,489.34,469.61,536.37,558.22,512.85,513.92
LAT_FORM_FB_AD_TP_061.jpg,1,0.948,586.49,436.31,662.74,528.89,624.62,482.6
LAT_FORM_FB_AD_TP_061.jpg,2,0.94,442.65,271.69,530.04,340.47,486.34,306.08
LAT_FORM_FB_AD_TP_061.jpg,3,0.932,145.31,65.93,240.47,141.06,192.89,103.5
LAT_FORM_FB_AD_TP_061.jpg,4,0.931,631.1,119.25,723.77,192.4,677.44,155.82
LAT_FORM_FB_AD_TP_061.jpg,5,0.925,491.94,107.34,579.63,167.31,535.78,137.33
LAT_FORM_FB_AD_TP_061.jpg,6,0.88,600.58,283.98,706.15,340.63,653.37,312.3
LAT_FORM_FB_AD_TP_061.jpg,7,0.54,305.4,82.4,407.34,169.46,356.37,125.93
LAT_FORM_FB_AD_TP_062.jpg,1,0.951,448.97,266.65,527.43,360.32,488.2,313.48
LAT_FORM_FB_AD_TP_062.jpg,2,0.943,702.9,472.99,804.13,554.38,753.51,513.69
LAT_FORM_FB_AD_TP_062.jpg,3,0.935,374.39,116.7,455.46,206.2,414.93,161.45
LAT_FORM_FB_AD_TP_062.jpg,4,0.934,584.29,182.77,688.02,249.43,636.16,216.1
LAT_FORM_FB_AD_TP_062.jpg,5,0.931,500.6,35.01,584.39,116.06,542.5,75.53
LAT_FORM_FB_AD_TP_062.jpg,6,0.922,68.53,316.58,185.29,382.86,126.91,349.72
LAT_FORM_FB_AD_TP_062.jpg,7,0.703,219.17,228.02,330.92,308.24,275.05,268.13
LAT_FORM_FB_AD_TP_062.jpg,8,0.579,664.94,341.27,764.65,397.37,714.8,369.32
LAT_FORM_FB_AD_TP_063.jpg,1,0.955,325.82,206.59,413.03,274.06,369.43,240.32
LAT_FORM_FB_AD_TP_063.jpg,2,0.952,240.82,489.84,334.19,568.34,287.5,529.09
LAT_FORM_FB_AD_TP_063.jpg,3,0.948,617.59,83.61,695.57,184.64,656.58,134.13
LAT_FORM_FB_AD_TP_063.jpg,4,0.943,339.02,414.88,426.57,492.86,382.79,453.87
LAT_FORM_FB_AD_TP_063.jpg,5,0.942,632.03,444.11,723.38,512.87,677.71,478.49
LAT_FORM_FB_AD_TP_063.jpg,6,0.942,540.28,363.15,606.51,465.18,573.39,414.16
LAT_FORM_FB_AD_TP_063.jpg,7,0.939,259.23,110.8,343.91,199.62,301.57,155.21
LAT_FORM_FB_AD_TP_063.jpg,8,0.858,545.59,164.36,614.93,247.7,580.26,206.03
LAT_FORM_FB_AD_TP_064.jpg,1,0.953,162.53,213.93,292.45,284.2,227.49,249.07
LAT_FORM_FB_AD_TP_064.jpg,2,0.946,539.98,41.81,599.58,134.05,569.78,87.93
LAT_FORM_FB_AD_TP_064.jpg,3,0.937,706.9,364.44,822.22,418.09,764.56,391.27
LAT_FORM_FB_AD_TP_064.jpg,4,0.932,576.66,359.48,688.52,418.57,632.59,389.03
LAT_FORM_FB_AD_TP_064.jpg,5,0.93,410.9,472.7,476.37,582.84,443.64,527.77
LAT_FORM_FB_AD_TP_064.jpg,6,0.915,275.12,287.61,383.68,341.69,329.4,314.65
LAT_FORM_FB_AD_TP_064.jpg,7,0.891,508.26,111.77,548.84,213.41,528.55,162.59
LAT_FORM_FB_AD_TP_065.jpg,1,0.955,277.46,349.76,383.48,412.69,330.47,381.23
LAT_FORM_FB_AD_TP_065.jpg,2,0.95,591.59,314.78,699.5,362.24,645.55,338.51
LAT_FORM_FB_AD_TP_065.jpg,3,0.926,480.95,30.23,529.63,127.06,505.29,78.65
LAT_FORM_FB_AD_TP_065.jpg,4,0.925,483.19,492.81,535.93,594.0,509.56,543.4
LAT_FORM_FB_AD_TP_065.jpg,5,0.924,458.62,115.28,518.07,213.44,488.34,164.36
LAT_FORM_FB_AD_TP_065.jpg,6,0.887,141.21,336.92,278.65,388.4,209.93,362.66
LAT_FORM_FB_AD_TP_065.jpg,7,0.803,717.39,272.98,845.17,327.13,781.28,300.06
LAT_FORM_FB_AD_TP_066.jpg,1,0.957,196.85,457.01,308.16,523.45,252.51,490.23
LAT_FORM_FB_AD_TP_066.jpg,2,0.955,376.12,166.04,463.41,238.95,419.76,202.5
LAT_FORM_FB_AD_TP_066.jpg,3,0.955,568.2,491.96,636.13,594.0,602.17,542.98
LAT_FORM_FB_AD_TP_066.jpg,4,0.94,686.33,167.96,766.81,236.89,726.57,202.42
LAT_FORM_FB_AD_TP_066.jpg,5,0.938,588.47,237.29,666.51,319.2,627.49,278.24
LAT_FORM_FB_AD_TP_066.jpg,6,0.923,383.02,32.16,432.76,134.49,407.89,83.33
LAT_FORM_FB_AD_TP_066.jpg,7,0.876,349.81,427.3,411.4,495.14,380.6,461.22
LAT_FORM_FB_AD_TP_067.jpg,1,0.965,572.68,129.06,682.6,222.08,627.64,175.57
LAT_FORM_FB_AD_TP_067.jpg,2,0.964,222.9,166.05,343.75,246.21,283.33,206.13
LAT_FORM_FB_AD_TP_067.jpg,3,0.963,572.51,370.98,657.92,472.41,615.22,421.7
LAT_FORM_FB_AD_TP_067.jpg,4,0.955,373.55,77.03,438.87,181.93,406.21,129.48
LAT_FORM_FB_AD_TP_067.jpg,5,0.953,275.2,365.2,398.86,462.83,337.03,414.02
LAT_FORM_FB_AD_TP_067.jpg,6,0.953,648.64,273.42,758.18,352.23,703.41,312.82
LAT_FORM_FB_AD_TP_067.jpg,7,0.946,504.59,20.47,568.4,137.83,536.49,79.15
LAT_FORM_FB_AD_TP_067.jpg,8,0.931,392.24,452.22,499.37,528.45,445.81,490.34
LAT_FORM_FB_AD_TP_068.jpg,1,0.965,408.37,18.02,468.63,118.97,438.5,68.49
LAT_FORM_FB_AD_TP_068.jpg,2,0.959,655.7,300.43,744.49,381.24,700.09,340.84
LAT_FORM_FB_AD_TP_068.jpg,3,0.952,359.98,458.33,443.97,556.68,401.97,507.51
LAT_FORM_FB_AD_TP_068.jpg,4,0.947,226.75,277.51,325.75,336.09,276.25,306.8
LAT_FORM_FB_AD_TP_068.jpg,5,0.947,647.13,187.04,742.98,263.28,695.06,225.16
LAT_FORM_FB_AD_TP_068.jpg,6,0.939,283.52,119.33,358.39,210.74,320.95,165.04
LAT_FORM_FB_AD_TP_068.jpg,7,0.935,536.76,59.52,607.34,147.14,572.05,103.33
LAT_FORM_FB_AD_TP_068.jpg,8,0.933,495.48,485.97,593.6,565.93,544.54,525.95
LAT_FORM_FB_AD_TP_069.jpg,1,0.969,431.24,474.72,522.78,574.88,477.01,524.8
LAT_FORM_FB_AD_TP_069.jpg,2,0.955,446.45,67.29,534.93,154.16,490.69,110.73
LAT_FORM_FB_AD_TP_069.jpg,3,0.952,320.9,70.53,413.77,143.5,367.34,107.02
LAT_FORM_FB_AD_TP_069.jpg,4,0.952,577.25,427.46,667.46,517.49,622.35,472.47
LAT_FORM_FB_AD_TP_069.jpg,5,0.95,663.53,206.49,734.48,317.54,699.0,262.02
LAT_FORM_FB_AD_TP_069.jpg,6,0.949,290.16,325.59,379.74,426.18,334.95,375.88
LAT_FORM_FB_AD_TP_069.jpg,7,0.935,235.67,203.6,348.9,258.38,292.29,230.99
LAT_FORM_FB_AD_TP_069.jpg,8,0.461,599.66,101.79,661.77,209.91,630.71,155.85
LAT_FORM_FB_AD_TP_070.jpg,1,0.954,640.48,169.92,710.24,232.02,675.36,200.97
LAT_FORM_FB_AD_TP_070.jpg,2,0.952,492.94,458.52,564.81,544.42,528.88,501.47
LAT_FORM_FB_AD_TP_070.jpg,3,0.948,300.95,154.3,373.26,220.99,337.1,187.65
LAT_FORM_FB_AD_TP_070.jpg,4,0.943,384.18,86.83,462.51,159.94,423.35,123.38
LAT_FORM_FB_AD_TP_070.jpg,5,0.936,632.44,380.02,699.28,449.45,665.86,414.74
LAT_FORM_FB_AD_TP_070.jpg,6,0.933,349.71,392.67,417.16,468.66,383.44,430.66
LAT_FORM_FB_AD_TP_070.jpg,7,0.933,267.74,270.04,349.9,334.5,308.82,302.27
LAT_FORM_FB_AD_TP_070.jpg,8,0.701,548.0,79.7,614.07,159.13,581.04,119.41
LAT_FORM_FB_AD_TP_071.jpg,1,0.958,350.46,355.87,441.95,477.3,396.2,416.58
LAT_FORM_FB_AD_TP_071.jpg,2,0.945,179.26,374.25,259.58,486.95,219.42,430.6
LAT_FORM_FB_AD_TP_071.jpg,3,0.943,649.38,96.88,722.47,207.62,685.93,152.25
LAT_FORM_FB_AD_TP_071.jpg,4,0.942,198.94,8.22,260.99,133.63,229.96,70.92
LAT_FORM_FB_AD_TP_071.jpg,5,0.884,519.82,79.49,588.31,203.13,554.07,141.31
LAT_FORM_FB_AD_TP_071.jpg,6,0.843,635.11,447.41,751.88,534.88,693.49,491.15
LAT_FORM_FB_AD_TP_071.jpg,7,0.82,340.99,84.39,477.14,160.58,409.06,122.48
LAT_FORM_FB_AD_TP_071.jpg,8,0.516,504.5,421.33,604.43,512.97,554.47,467.15
LAT_FORM_FB_AD_TP_072.jpg,1,0.971,322.4,99.83,445.01,177.28,383.7,138.55
LAT_FORM_FB_AD_TP_072.jpg,2,0.963,188.95,0.0,268.97,111.4,228.96,55.7
LAT_FORM_FB_AD_TP_072.jpg,3,0.956,507.99,418.75,615.51,500.91,561.75,459.83
LAT_FORM_FB_AD_TP_072.jpg,4,0.954,364.75,368.79,446.66,494.31,405.71,431.55
LAT_FORM_FB_AD_TP_072.jpg,5,0.949,521.98,61.81,599.71,180.06,560.85,120.94
LAT_FORM_FB_AD_TP_072.jpg,6,0.948,172.6,375.16,240.47,486.81,206.54,430.98
LAT_FORM_FB_AD_TP_072.jpg,7,0.944,654.13,429.92,763.42,527.0,708.77,478.46
LAT_FORM_FB_AD_TP_072.jpg,8,0.928,640.17,92.86,703.34,206.15,671.75,149.5
LAT_FORM_FB_AD_TP_073.jpg,1,0.965,664.94,424.63,775.57,521.3,720.26,472.96
LAT_FORM_FB_AD_TP_073.jpg,2,0.958,280.34,71.77,420.55,158.35,350.44,115.06
LAT_FORM_FB_AD_TP_073.jpg,3,0.955,156.25,9.29,268.26,115.16,212.25,62.23
LAT_FORM_FB_AD_TP_073.jpg,4,0.946,632.36,75.41,683.7,205.18,658.03,140.3
LAT_FORM_FB_AD_TP_073.jpg,5,0.941,502.82,421.28,615.21,498.39,559.02,459.83
LAT_FORM_FB_AD_TP_073.jpg,6,0.938,192.63,383.67,267.46,508.6,230.04,446.13
LAT_FORM_FB_AD_TP_073.jpg,7,0.927,380.9,377.49,443.15,503.54,412.03,440.51
LAT_FORM_FB_AD_TP_073.jpg,8,0.918,508.45,47.24,577.94,173.58,543.2,110.41
LAT_FORM_FB_AD_TP_074.jpg,1,0.961,143.33,35.83,256.84,119.04,200.09,77.44
LAT_FORM_FB_AD_TP_074.jpg,2,0.95,688.56,385.05,794.46,483.0,741.51,434.02
LAT_FORM_FB_AD_TP_074.jpg,3,0.947,630.95,80.5,685.21,203.05,658.08,141.77
LAT_FORM_FB_AD_TP_074.jpg,4,0.947,512.64,412.19,620.49,507.4,566.56,459.8
LAT_FORM_FB_AD_TP_074.jpg,5,0.947,494.51,49.88,549.12,172.98,521.82,111.43
LAT_FORM_FB_AD_TP_074.jpg,6,0.944,400.45,387.82,472.18,522.98,436.32,455.4
LAT_FORM_FB_AD_TP_074.jpg,7,0.934,282.43,69.61,416.11,137.86,349.27,103.74
LAT_FORM_FB_AD_TP_074.jpg,8,0.768,206.76,399.52,273.74,515.23,240.25,457.37
LAT_FORM_FB_AD_TP_074.jpg,9,0.629,206.96,399.6,273.1,514.8,240.03,457.2
LAT_FORM_FB_AD_TP_075.jpg,1,0.944,368.55,403.74,448.38,479.12,408.46,441.43
LAT_FORM_FB_AD_TP_075.jpg,2,0.943,224.76,254.78,325.12,321.08,274.94,287.93
LAT_FORM_FB_AD_TP_075.jpg,3,0.938,512.77,388.08,602.31,447.84,557.54,417.96
LAT_FORM_FB_AD_TP_075.jpg,4,0.931,738.55,355.8,820.98,410.25,779.76,383.03
LAT_FORM_FB_AD_TP_075.jpg,5,0.93,616.95,445.66,710.37,501.79,663.66,473.72
LAT_FORM_FB_AD_TP_075.jpg,6,0.927,674.08,310.93,749.03,381.77,711.55,346.35
LAT_FORM_FB_AD_TP_075.jpg,7,0.907,296.55,408.97,351.54,516.61,324.04,462.79
LAT_FORM_FB_AD_TP_075.jpg,8,0.894,253.89,369.46,338.54,425.99,296.21,397.72
LAT_FORM_FB_AD_TP_076.jpg,1,0.963,306.59,399.27,381.69,541.78,344.14,470.52
LAT_FORM_FB_AD_TP_076.jpg,2,0.959,729.69,430.24,852.17,535.36,790.93,482.8
LAT_FORM_FB_AD_TP_076.jpg,3,0.958,691.41,187.4,787.55,270.05,739.48,228.72
LAT_FORM_FB_AD_TP_076.jpg,4,0.949,480.15,449.53,541.21,541.57,510.68,495.55
LAT_FORM_FB_AD_TP_076.jpg,5,0.928,345.48,142.67,413.2,271.94,379.34,207.31
LAT_FORM_FB_AD_TP_076.jpg,6,0.874,145.2,449.23,277.28,543.07,211.24,496.15
LAT_FORM_FB_AD_TP_076.jpg,7,0.783,614.73,350.6,703.21,421.96,658.97,386.28
LAT_FORM_FB_AD_TP_077.jpg,1,0.958,110.85,482.89,222.1,585.77,166.48,534.33
LAT_FORM_FB_AD_TP_077.jpg,2,0.953,449.43,444.89,521.96,542.96,485.7,493.93
LAT_FORM_FB_AD_TP_077.jpg,3,0.949,281.9,379.45,367.6,490.47,324.75,434.96
LAT_FORM_FB_AD_TP_077.jpg,4,0.948,648.75,120.96,724.25,231.87,686.5,176.41
LAT_FORM_FB_AD_TP_077.jpg,5,0.947,783.31,491.01,857.83,594.0,820.57,542.51
LAT_FORM_FB_AD_TP_077.jpg,6,0.939,461.53,161.1,574.7,227.49,518.11,194.29
LAT_FORM_FB_AD_TP_077.jpg,7,0.927,619.66,313.5,729.87,378.28,674.77,345.89
LAT_FORM_FB_AD_TP_077.jpg,8,0.723,387.18,148.78,481.51,249.54,434.34,199.16
LAT_FORM_FB_AD_TP_078.jpg,1,0.966,601.77,186.31,658.04,247.84,629.9,217.08
LAT_FORM_FB_AD_TP_078.jpg,2,0.958,359.13,301.05,426.85,362.2,392.99,331.63
LAT_FORM_FB_AD_TP_078.jpg,3,0.952,519.78,297.57,580.91,356.52,550.35,327.04
LAT_FORM_FB_AD_TP_078.jpg,4,0.948,360.99,69.47,422.29,154.27,391.64,111.87
LAT_FORM_FB_AD_TP_078.jpg,5,0.944,526.67,62.62,581.83,134.16,554.25,98.39
LAT_FORM_FB_AD_TP_078.jpg,6,0.937,674.52,308.75,736.63,367.55,705.58,338.15
LAT_FORM_FB_AD_TP_078.jpg,7,0.929,454.54,154.65,513.07,223.71,483.81,189.18
LAT_FORM_FB_AD_TP_078.jpg,8,0.924,690.57,65.03,744.92,130.33,717.75,97.68
LAT_FORM_FB_AD_TP_079.jpg,1,0.962,608.35,89.92,700.44,149.2,654.39,119.56
LAT_FORM_FB_AD_TP_079.jpg,2,0.944,545.39,198.52,607.04,261.3,576.21,229.91
LAT_FORM_FB_AD_TP_079.jpg,3,0.939,397.55,176.3,460.83,245.27,429.19,210.78
LAT_FORM_FB_AD_TP_079.jpg,4,0.934,295.37,105.63,371.55,174.87,333.46,140.25
LAT_FORM_FB_AD_TP_079.jpg,5,0.927,459.21,317.78,535.93,375.17,497.57,346.48
LAT_FORM_FB_AD_TP_079.jpg,6,0.837,609.15,324.09,687.46,382.72,648.3,353.41
LAT_FORM_FB_AD_TP_079.jpg,7,0.791,465.64,80.72,536.27,148.92,500.96,114.82
LAT_FORM_FB_AD_TP_080.jpg,1,0.949,378.77,171.86,448.8,254.3,413.78,213.08
LAT_FORM_FB_AD_TP_080.jpg,2,0.948,445.61,304.57,524.67,380.33,485.14,342.45
LAT_FORM_FB_AD_TP_080.jpg,3,0.943,606.06,70.8,688.65,154.23,647.35,112.52
LAT_FORM_FB_AD_TP_080.jpg,4,0.941,528.13,176.73,603.1,273.46,565.62,225.1
LAT_FORM_FB_AD_TP_080.jpg,5,0.937,271.27,316.85,350.64,384.9,310.96,350.88
LAT_FORM_FB_AD_TP_080.jpg,6,0.935,282.23,100.97,371.71,177.27,326.97,139.12
LAT_FORM_FB_AD_TP_080.jpg,7,0.923,606.51,321.41,694.58,381.41,650.54,351.41
LAT_FORM_FB_AD_TP_080.jpg,8,0.913,456.12,72.76,522.55,166.01,489.34,119.38
LAT_FORM_FB_AD_TP_081.jpg,1,0.954,538.3,160.6,610.98,251.45,574.64,206.02
LAT_FORM_FB_AD_TP_081.jpg,2,0.952,385.75,156.74,434.08,241.85,409.91,199.29
LAT_FORM_FB_AD_TP_081.jpg,3,0.938,631.99,59.76,679.45,145.43,655.72,102.59
LAT_FORM_FB_AD_TP_081.jpg,4,0.933,447.37,281.78,500.89,382.61,474.13,332.19
LAT_FORM_FB_AD_TP_081.jpg,5,0.899,467.29,58.29,507.39,161.34,487.34,109.82
LAT_FORM_FB_AD_TP_081.jpg,6,0.893,287.02,285.24,343.03,392.69,315.03,338.96
LAT_FORM_FB_AD_TP_081.jpg,7,0.881,624.82,304.3,704.29,375.43,664.55,339.86
LAT_FORM_FB_AD_TP_081.jpg,8,0.824,289.89,76.9,344.05,175.14,316.97,126.02
LAT_FORM_FB_AD_TP_082.jpg,1,0.942,588.28,120.08,654.11,191.71,621.19,155.9
LAT_FORM_FB_AD_TP_082.jpg,2,0.939,313.47,359.04,400.71,424.24,357.09,391.64
LAT_FORM_FB_AD_TP_082.jpg,3,0.934,396.95,262.64,467.07,316.12,432.01,289.38
LAT_FORM_FB_AD_TP_082.jpg,4,0.931,461.46,460.68,528.63,526.06,495.05,493.37
LAT_FORM_FB_AD_TP_082.jpg,5,0.927,359.62,153.71,423.58,218.97,391.6,186.34
LAT_FORM_FB_AD_TP_082.jpg,6,0.926,523.4,256.52,586.07,316.13,554.74,286.32
LAT_FORM_FB_AD_TP_082.jpg,7,0.918,486.16,101.99,547.38,171.47,516.77,136.73
LAT_FORM_FB_AD_TP_082.jpg,8,0.901,591.01,391.33,669.77,445.97,630.39,418.65
LAT_FORM_FB_AD_TP_083.jpg,1,0.961,603.3,158.87,655.32,219.0,629.31,188.93
LAT_FORM_FB_AD_TP_083.jpg,2,0.934,484.07,105.92,549.68,167.58,516.88,136.75
LAT_FORM_FB_AD_TP_083.jpg,3,0.93,350.76,154.19,404.63,219.02,377.69,186.6
LAT_FORM_FB_AD_TP_083.jpg,4,0.93,531.5,271.69,582.03,333.33,556.77,302.51
LAT_FORM_FB_AD_TP_083.jpg,5,0.928,605.19,383.26,671.13,452.01,638.16,417.64
LAT_FORM_FB_AD_TP_083.jpg,6,0.921,480.92,461.17,535.22,526.9,508.07,494.04
LAT_FORM_FB_AD_TP_083.jpg,7,0.916,349.89,367.27,411.37,430.81,380.63,399.04
LAT_FORM_FB_AD_TP_083.jpg,8,0.843,399.89,270.16,472.21,332.16,436.05,301.16
LAT_FORM_FB_AD_TP_084.jpg,1,0.953,358.49,170.27,430.32,225.72,394.41,197.99
LAT_FORM_FB_AD_TP_084.jpg,2,0.952,598.6,168.5,661.16,228.73,629.88,198.61
LAT_FORM_FB_AD_TP_084.jpg,3,0.946,491.84,118.37,550.52,189.64,521.18,154.0
LAT_FORM_FB_AD_TP_084.jpg,4,0.937,484.61,460.36,543.66,535.91,514.13,498.13
LAT_FORM_FB_AD_TP_084.jpg,5,0.933,365.87,389.78,437.13,448.89,401.5,419.34
LAT_FORM_FB_AD_TP_084.jpg,6,0.926,604.85,404.03,675.06,468.8,639.96,436.41
LAT_FORM_FB_AD_TP_084.jpg,7,0.92,532.05,295.34,589.45,349.19,560.75,322.27
LAT_FORM_FB_AD_TP_084.jpg,8,0.917,417.29,285.35,483.69,339.94,450.49,312.65
LAT_FORM_FB_AD_TP_085.jpg,1,0.96,479.31,451.88,549.38,528.38,514.34,490.13
LAT_FORM_FB_AD_TP_085.jpg,2,0.951,336.11,144.72,414.72,225.85,375.42,185.28
LAT_FORM_FB_AD_TP_085.jpg,3,0.95,363.9,378.51,431.19,458.26,397.55,418.38
LAT_FORM_FB_AD_TP_085.jpg,4,0.943,409.85,285.71,480.05,358.72,444.95,322.22
LAT_FORM_FB_AD_TP_085.jpg,5,0.943,607.45,407.77,674.17,475.96,640.81,441.86
LAT_FORM_FB_AD_TP_085.jpg,6,0.933,483.45,118.69,549.65,196.95,516.55,157.82
LAT_FORM_FB_AD_TP_085.jpg,7,0.925,611.52,166.86,665.34,235.95,638.43,201.41
LAT_FORM_FB_AD_TP_085.jpg,8,0.687,521.67,292.13,582.84,373.75,552.25,332.94
LAT_FORM_FB_AD_TP_086.jpg,1,0.953,380.29,108.41,431.46,186.5,405.87,147.45
LAT_FORM_FB_AD_TP_086.jpg,2,0.943,425.55,246.65,474.51,330.23,450.03,288.44
LAT_FORM_FB_AD_TP_086.jpg,3,0.939,496.94,283.83,541.66,361.09,519.3,322.46
LAT_FORM_FB_AD_TP_086.jpg,4,0.938,505.68,104.21,556.37,177.83,531.02,141.02
LAT_FORM_FB_AD_TP_086.jpg,5,0.935,480.95,435.64,531.66,513.89,506.31,474.77
LAT_FORM_FB_AD_TP_086.jpg,6,0.876,602.04,399.86,661.06,477.03,631.55,438.44
LAT_FORM_FB_AD_TP_086.jpg,7,0.718,605.32,186.38,658.83,254.3,632.08,220.34
LAT_FORM_FB_AD_TP_086.jpg,8,0.619,359.99,340.46,416.32,429.89,388.16,385.18
LAT_FORM_FB_AD_TP_087.jpg,1,0.97,474.09,320.39,542.85,397.79,508.47,359.09
LAT_FORM_FB_AD_TP_087.jpg,2,0.96,526.58,427.14,604.44,505.16,565.51,466.15
LAT_FORM_FB_AD_TP_087.jpg,3,0.959,473.28,136.98,544.97,209.65,509.12,173.31
LAT_FORM_FB_AD_TP_087.jpg,4,0.956,422.44,226.93,493.03,291.58,457.73,259.25
LAT_FORM_FB_AD_TP_087.jpg,5,0.956,528.99,226.68,599.2,291.56,564.1,259.12
LAT_FORM_FB_AD_TP_087.jpg,6,0.951,583.25,331.34,651.01,405.83,617.13,368.58
LAT_FORM_FB_AD_TP_087.jpg,7,0.949,357.4,321.61,432.48,389.63,394.94,355.62
LAT_FORM_FB_AD_TP_087.jpg,8,0.93,421.02,414.7,491.71,495.56,456.36,455.13
LAT_FORM_FB_AD_TP_088.jpg,1,0.964,525.65,425.5,604.06,502.08,564.86,463.79
LAT_FORM_FB_AD_TP_088.jpg,2,0.963,422.19,223.74,492.62,289.66,457.4,256.7
LAT_FORM_FB_AD_TP_088.jpg,3,0.955,528.57,228.2,599.72,292.47,564.14,260.34
LAT_FORM_FB_AD_TP_088.jpg,4,0.955,581.89,332.07,655.93,406.18,618.91,369.12
LAT_FORM_FB_AD_TP_088.jpg,5,0.953,472.21,139.48,544.92,210.29,508.56,174.88
LAT_FORM_FB_AD_TP_088.jpg,6,0.951,357.36,316.36,431.68,387.08,394.52,351.72
LAT_FORM_FB_AD_TP_088.jpg,7,0.938,417.75,416.39,491.85,495.24,454.8,455.81
LAT_FORM_FB_AD_TP_089.jpg,1,0.959,547.17,424.55,650.95,500.95,599.06,462.75
LAT_FORM_FB_AD_TP_089.jpg,2,0.953,461.44,73.53,555.61,175.85,508.53,124.69
LAT_FORM_FB_AD_TP_089.jpg,3,0.95,562.72,207.0,650.05,298.84,606.39,252.92
LAT_FORM_FB_AD_TP_089.jpg,4,0.949,620.87,72.89,731.65,158.64,676.26,115.77
LAT_FORM_FB_AD_TP_089.jpg,5,0.948,271.64,300.4,373.76,370.53,322.7,335.46
LAT_FORM_FB_AD_TP_089.jpg,6,0.942,366.97,178.36,463.73,267.83,415.35,223.09
LAT_FORM_FB_AD_TP_089.jpg,7,0.734,345.67,427.24,457.71,507.06,401.69,467.15
LAT_FORM_FB_AD_TP_089.jpg,8,0.514,457.92,286.5,551.45,371.68,504.69,329.09
LAT_FORM_FB_AD_TP_090.jpg,1,0.964,369.55,188.07,457.74,277.49,413.65,232.78
LAT_FORM_FB_AD_TP_090.jpg,2,0.962,354.88,436.69,446.59,522.86,400.74,479.78
LAT_FORM_FB_AD_TP_090.jpg,3,0.957,546.5,412.18,635.68,507.91,591.09,460.04
LAT_FORM_FB_AD_TP_090.jpg,4,0.952,273.07,305.92,372.27,380.31,322.67,343.11
LAT_FORM_FB_AD_TP_090.jpg,5,0.943,456.12,311.3,542.98,390.42,499.55,350.86
LAT_FORM_FB_AD_TP_090.jpg,6,0.942,612.89,70.68,708.02,162.52,660.45,116.6
LAT_FORM_FB_AD_TP_090.jpg,7,0.694,566.48,207.95,629.81,301.23,598.14,254.59
LAT_FORM_FB_AD_TP_090.jpg,8,0.575,464.99,76.78,544.57,177.07,504.78,126.92
LAT_FORM_FB_AD_TP_091.jpg,1,0.958,273.17,332.2,341.74,391.19,307.45,361.69
LAT_FORM_FB_AD_TP_091.jpg,2,0.946,471.49,117.83,525.95,181.57,498.72,149.7
LAT_FORM_FB_AD_TP_091.jpg,3,0.938,462.27,346.74,513.44,406.54,487.85,376.64
LAT_FORM_FB_AD_TP_091.jpg,4,0.937,354.34,466.16,424.78,538.17,389.56,502.16
LAT_FORM_FB_AD_TP_091.jpg,5,0.93,373.64,212.76,436.47,278.47,405.05,245.62
LAT_FORM_FB_AD_TP_091.jpg,6,0.921,568.54,234.86,622.17,289.97,595.36,262.41
LAT_FORM_FB_AD_TP_091.jpg,7,0.921,555.86,455.0,623.12,516.5,589.49,485.75
LAT_FORM_FB_AD_TP_091.jpg,8,0.919,605.72,103.95,667.02,165.44,636.37,134.7
LAT_FORM_FB_AD_TP_092.jpg,1,0.956,525.56,477.73,594.56,541.07,560.06,509.4
LAT_FORM_FB_AD_TP_092.jpg,2,0.956,245.94,355.03,325.29,413.56,285.62,384.29
LAT_FORM_FB_AD_TP_092.jpg,3,0.941,322.55,494.35,409.77,556.93,366.16,525.64
LAT_FORM_FB_AD_TP_092.jpg,4,0.941,545.7,113.77,607.89,185.65,576.79,149.71
LAT_FORM_FB_AD_TP_092.jpg,5,0.938,337.27,249.19,412.33,312.84,374.8,281.02
LAT_FORM_FB_AD_TP_092.jpg,6,0.937,541.27,261.14,599.08,331.97,570.18,296.55
LAT_FORM_FB_AD_TP_092.jpg,7,0.934,431.93,365.89,501.01,417.19,466.47,391.54
LAT_FORM_FB_AD_TP_092.jpg,8,0.927,452.35,150.83,506.37,240.15,479.36,195.49
LAT_FORM_FB_AD_TP_093.jpg,1,0.96,328.06,270.22,386.77,334.65,357.41,302.43
LAT_FORM_FB_AD_TP_093.jpg,2,0.947,503.16,493.16,581.79,554.94,542.47,524.05
LAT_FORM_FB_AD_TP_093.jpg,3,0.946,239.74,378.46,307.58,442.75,273.66,410.61
LAT_FORM_FB_AD_TP_093.jpg,4,0.942,503.93,123.34,575.1,188.83,539.52,156.08
LAT_FORM_FB_AD_TP_093.jpg,5,0.92,513.92,291.3,576.94,346.5,545.43,318.9
LAT_FORM_FB_AD_TP_093.jpg,6,0.92,422.24,187.6,494.35,264.92,458.29,226.26
LAT_FORM_FB_AD_TP_093.jpg,7,0.912,416.73,365.37,477.94,420.17,447.34,392.77
LAT_FORM_FB_AD_TP_093.jpg,8,0.856,309.58,517.42,377.2,588.68,343.39,553.05
LAT_FORM_FB_AD_TP_094.jpg,1,0.951,286.97,502.78,386.69,568.82,336.83,535.8
LAT_FORM_FB_AD_TP_094.jpg,2,0.944,463.98,465.67,566.61,537.54,515.29,501.6
LAT_FORM_FB_AD_TP_094.jpg,3,0.934,208.49,382.97,321.64,437.56,265.06,410.27
LAT_FORM_FB_AD_TP_094.jpg,4,0.932,473.38,102.64,559.63,175.15,516.51,138.9
LAT_FORM_FB_AD_TP_094.jpg,5,0.931,475.3,279.89,563.1,344.95,519.2,312.42
LAT_FORM_FB_AD_TP_094.jpg,6,0.924,397.4,192.62,485.64,251.54,441.52,222.08
LAT_FORM_FB_AD_TP_094.jpg,7,0.563,301.42,269.33,392.44,339.98,346.93,304.66
LAT_FORM_FB_AD_TP_094.jpg,8,0.556,301.22,269.09,393.26,339.78,347.24,304.43
LAT_FORM_FB_AD_TP_095.jpg,1,0.971,435.98,254.19,568.45,310.16,502.21,282.17
LAT_FORM_FB_AD_TP_095.jpg,2,0.963,451.25,65.38,565.85,139.19,508.55,102.29
LAT_FORM_FB_AD_TP_095.jpg,3,0.944,269.27,243.44,395.96,303.52,332.62,273.48
LAT_FORM_FB_AD_TP_095.jpg,4,0.943,426.8,424.04,574.65,486.9,500.73,455.47
LAT_FORM_FB_AD_TP_095.jpg,5,0.943,363.6,319.64,492.37,376.95,427.98,348.29
LAT_FORM_FB_AD_TP_095.jpg,6,0.942,357.1,163.26,492.34,213.75,424.72,188.5
LAT_FORM_FB_AD_TP_095.jpg,7,0.933,185.67,352.0,325.61,401.43,255.64,376.71
LAT_FORM_FB_AD_TP_095.jpg,8,0.425,256.24,459.2,393.86,519.43,325.05,489.31
LAT_FORM_FB_AD_TP_096.jpg,1,0.952,22.16,170.68,138.91,232.75,80.53,201.71
LAT_FORM_FB_AD_TP_096.jpg,2,0.939,450.44,180.34,555.31,249.96,502.87,215.15
LAT_FORM_FB_AD_TP_096.jpg,3,0.934,231.95,162.59,335.16,225.1,283.55,193.84
LAT_FORM_FB_AD_TP_096.jpg,4,0.931,689.92,208.25,796.81,267.89,743.37,238.07
LAT_FORM_FB_AD_TP_096.jpg,5,0.927,130.28,257.42,241.89,315.29,186.09,286.36
LAT_FORM_FB_AD_TP_096.jpg,6,0.926,572.56,286.45,684.95,329.3,628.76,307.87
LAT_FORM_FB_AD_TP_096.jpg,7,0.925,809.34,303.92,922.97,347.9,866.16,325.91
LAT_FORM_FB_AD_TP_096.jpg,8,0.914,327.19,262.56,429.53,324.58,378.36,293.57
LAT_FORM_FB_AD_TP_097.jpg,1,0.958,134.28,227.48,227.85,331.93,181.06,279.71
LAT_FORM_FB_AD_TP_097.jpg,2,0.95,694.96,245.12,775.84,342.74,735.4,293.93
LAT_FORM_FB_AD_TP_097.jpg,3,0.948,350.8,249.53,421.66,350.14,386.23,299.83
LAT_FORM_FB_AD_TP_097.jpg,4,0.938,0.44,179.24,105.03,280.37,52.74,229.81
LAT_FORM_FB_AD_TP_097.jpg,5,0.929,241.44,178.9,311.77,285.36,276.6,232.13
LAT_FORM_FB_AD_TP_097.jpg,6,0.902,814.69,287.89,909.54,371.6,862.12,329.75
LAT_FORM_FB_AD_TP_097.jpg,7,0.839,479.11,203.34,541.44,313.52,510.28,258.43
LAT_FORM_FB_AD_TP_097.jpg,8,0.627,586.9,257.01,656.13,363.28,621.51,310.14
LAT_FORM_FB_AD_TP_098.jpg,1,0.963,220.92,240.46,303.17,336.35,262.04,288.4
LAT_FORM_FB_AD_TP_098.jpg,2,0.96,125.44,242.79,205.42,352.71,165.43,297.75
LAT_FORM_FB_AD_TP_098.jpg,3,0.96,0.0,224.81,86.07,337.68,43.03,281.25
LAT_FORM_FB_AD_TP_098.jpg,4,0.953,475.9,240.87,529.66,349.76,502.78,295.32
LAT_FORM_FB_AD_TP_098.jpg,5,0.948,703.65,268.7,760.44,372.48,732.04,320.59
LAT_FORM_FB_AD_TP_098.jpg,6,0.938,350.09,248.27,414.96,346.53,382.53,297.4
LAT_FORM_FB_AD_TP_098.jpg,7,0.937,595.38,268.75,656.54,364.6,625.96,316.68
LAT_FORM_FB_AD_TP_098.jpg,8,0.935,831.09,258.49,902.68,359.71,866.88,309.1
LAT_FORM_FB_AD_TP_099.jpg,1,0.959,0.0,264.69,77.13,345.96,38.57,305.32
LAT_FORM_FB_AD_TP_099.jpg,2,0.95,446.29,288.47,548.87,360.81,497.58,324.64
LAT_FORM_FB_AD_TP_099.jpg,3,0.942,102.32,280.06,197.42,351.57,149.87,315.81
LAT_FORM_FB_AD_TP_099.jpg,4,0.928,565.15,290.35,675.47,356.12,620.31,323.23
LAT_FORM_FB_AD_TP_099.jpg,5,0.926,331.2,290.92,431.93,350.95,381.57,320.93
LAT_FORM_FB_AD_TP_099.jpg,6,0.918,820.83,290.9,913.94,374.5,867.39,332.7
LAT_FORM_FB_AD_TP_099.jpg,7,0.91,202.11,291.34,305.37,345.51,253.74,318.42
LAT_FORM_FB_AD_TP_099.jpg,8,0.669,689.44,295.39,784.43,373.14,736.93,334.26
LAT_FORM_FB_AD_TP_100.jpg,1,0.943,705.3,311.12,794.46,364.63,749.88,337.88
LAT_FORM_FB_AD_TP_100.jpg,2,0.942,470.95,271.61,532.7,342.99,501.83,307.3
LAT_FORM_FB_AD_TP_100.jpg,3,0.931,512.84,378.98,566.94,442.01,539.89,410.49
LAT_FORM_FB_AD_TP_100.jpg,4,0.928,593.25,304.06,669.45,361.19,631.35,332.63
LAT_FORM_FB_AD_TP_100.jpg,5,0.926,531.8,198.36,587.15,262.52,559.48,230.44
LAT_FORM_FB_AD_TP_100.jpg,6,0.922,656.08,379.69,729.18,439.78,692.63,409.74
LAT_FORM_FB_AD_TP_100.jpg,7,0.883,623.35,137.68,689.57,200.23,656.46,168.95
LAT_FORM_FB_AD_TP_100.jpg,8,0.657,646.86,226.12,728.32,287.55,687.59,256.84
LAT_FORM_FB_AD_TP_100.jpg,9,0.44,646.85,226.54,727.83,288.08,687.34,257.31
LAT_FORM_FB_AD_TP_102.jpg,1,0.951,641.92,59.8,721.79,139.73,681.85,99.76
LAT_FORM_FB_AD_TP_102.jpg,2,0.95,765.44,230.17,853.31,292.32,809.37,261.24
LAT_FORM_FB_AD_TP_102.jpg,3,0.946,571.76,146.36,642.26,209.13,607.01,177.75
LAT_FORM_FB_AD_TP_102.jpg,4,0.938,657.87,231.16,734.3,289.25,696.09,260.2
LAT_FORM_FB_AD_TP_102.jpg,5,0.936,573.53,378.58,649.78,438.27,611.65,408.42
LAT_FORM_FB_AD_TP_102.jpg,6,0.934,713.66,147.9,788.8,200.96,751.23,174.43
LAT_FORM_FB_AD_TP_102.jpg,7,0.932,690.71,313.61,779.31,371.79,735.01,342.7
LAT_FORM_FB_AD_TP_102.jpg,8,0.925,523.56,273.84,591.67,328.36,557.61,301.1
LAT_FORM_FB_AD_TP_103.jpg,1,0.946,648.89,101.82,731.08,170.32,689.99,136.07
LAT_FORM_FB_AD_TP_103.jpg,2,0.945,518.45,300.8,581.41,378.84,549.93,339.82
LAT_FORM_FB_AD_TP_103.jpg,3,0.939,568.95,184.67,635.53,245.89,602.24,215.28
LAT_FORM_FB_AD_TP_103.jpg,4,0.937,568.59,411.06,631.6,486.39,600.1,448.72
LAT_FORM_FB_AD_TP_103.jpg,5,0.929,702.47,359.38,775.52,424.17,739.0,391.77
LAT_FORM_FB_AD_TP_103.jpg,6,0.929,654.89,258.7,726.35,324.49,690.62,291.6
LAT_FORM_FB_AD_TP_103.jpg,7,0.92,747.51,272.32,838.88,334.88,793.2,303.6
LAT_FORM_FB_AD_TP_103.jpg,8,0.91,704.37,189.89,777.83,251.84,741.1,220.87
LAT_FORM_FB_AD_TP_104.jpg,1,0.954,418.41,64.51,481.12,147.3,449.76,105.9
LAT_FORM_FB_AD_TP_104.jpg,2,0.951,334.42,202.13,395.78,291.33,365.1,246.73
LAT_FORM_FB_AD_TP_104.jpg,3,0.941,528.0,385.19,587.34,457.92,557.67,421.56
LAT_FORM_FB_AD_TP_104.jpg,4,0.932,248.22,285.32,337.26,347.02,292.74,316.17
LAT_FORM_FB_AD_TP_104.jpg,5,0.92,321.66,357.52,399.77,456.44,360.72,406.98
LAT_FORM_FB_AD_TP_104.jpg,6,0.918,513.5,191.83,584.14,261.4,548.82,226.61
LAT_FORM_FB_AD_TP_104.jpg,7,0.917,597.09,287.07,654.09,355.08,625.59,321.07
LAT_FORM_FB_AD_TP_104.jpg,8,0.913,431.7,272.69,509.81,351.39,470.76,312.04
LAT_FORM_FB_AD_TP_105.jpg,1,0.965,587.49,297.3,654.62,359.11,621.05,328.21
LAT_FORM_FB_AD_TP_105.jpg,2,0.963,329.42,216.07,401.66,272.76,365.54,244.42
LAT_FORM_FB_AD_TP_105.jpg,3,0.953,485.43,15.63,553.98,84.85,519.7,50.24
LAT_FORM_FB_AD_TP_105.jpg,4,0.953,589.1,113.26,652.43,177.93,620.77,145.59
LAT_FORM_FB_AD_TP_105.jpg,5,0.944,398.25,139.94,458.94,202.2,428.6,171.07
LAT_FORM_FB_AD_TP_105.jpg,6,0.942,647.53,209.06,729.65,265.06,688.59,237.06
LAT_FORM_FB_AD_TP_105.jpg,7,0.936,400.71,291.28,472.5,349.35,436.6,320.31
LAT_FORM_FB_AD_TP_105.jpg,8,0.471,513.92,188.67,579.01,259.95,546.46,224.31
LAT_FORM_FB_AD_TP_106.jpg,1,0.948,663.24,34.24,732.7,108.04,697.97,71.14
LAT_FORM_FB_AD_TP_106.jpg,2,0.945,484.95,206.29,548.14,262.22,516.55,234.25
LAT_FORM_FB_AD_TP_106.jpg,3,0.943,487.91,64.79,538.35,134.54,513.13,99.67
LAT_FORM_FB_AD_TP_106.jpg,4,0.943,717.95,121.12,796.19,183.52,757.07,152.32
LAT_FORM_FB_AD_TP_106.jpg,5,0.931,401.27,132.86,466.15,201.31,433.71,167.08
LAT_FORM_FB_AD_TP_106.jpg,6,0.928,640.58,213.23,727.23,267.36,683.91,240.3
LAT_FORM_FB_AD_TP_106.jpg,7,0.925,579.13,99.35,647.15,171.49,613.14,135.42
LAT_FORM_FB_AD_TP_106.jpg,8,0.775,579.07,0.0,640.29,39.27,609.68,19.63
LAT_FORM_FB_AD_TP_107.jpg,1,0.954,314.08,356.89,399.2,447.15,356.64,402.02
LAT_FORM_FB_AD_TP_107.jpg,2,0.941,494.18,374.88,578.73,453.74,536.46,414.31
LAT_FORM_FB_AD_TP_107.jpg,3,0.937,401.78,270.99,473.85,349.92,437.81,310.45
LAT_FORM_FB_AD_TP_107.jpg,4,0.932,404.22,100.08,463.81,195.21,434.02,147.65
LAT_FORM_FB_AD_TP_107.jpg,5,0.919,322.34,176.57,394.04,266.55,358.19,221.56
LAT_FORM_FB_AD_TP_107.jpg,6,0.913,503.45,191.52,573.34,270.64,538.39,231.08
LAT_FORM_FB_AD_TP_107.jpg,7,0.908,592.16,255.02,669.84,355.93,631.0,305.47
LAT_FORM_FB_AD_TP_107.jpg,8,0.832,229.71,262.34,309.54,349.69,269.63,306.02
LAT_FORM_FB_AD_TP_108.jpg,1,0.947,652.13,275.62,710.62,355.25,681.38,315.44
LAT_FORM_FB_AD_TP_108.jpg,2,0.933,477.5,273.95,534.93,343.43,506.22,308.69
LAT_FORM_FB_AD_TP_108.jpg,3,0.929,570.05,366.46,625.54,436.81,597.79,401.63
LAT_FORM_FB_AD_TP_108.jpg,4,0.927,378.83,181.08,446.82,257.24,412.82,219.16
LAT_FORM_FB_AD_TP_108.jpg,5,0.89,289.91,294.97,359.59,364.96,324.75,329.96
LAT_FORM_FB_AD_TP_108.jpg,6,0.889,567.38,207.51,615.78,278.47,591.58,242.99
LAT_FORM_FB_AD_TP_108.jpg,7,0.88,365.74,376.79,430.55,445.78,398.14,411.29
LAT_FORM_FB_AD_TP_108.jpg,8,0.442,484.29,107.44,532.4,180.16,508.34,143.8
LAT_FORM_FB_AD_TP_108.jpg,9,0.402,484.42,107.24,531.9,180.13,508.16,143.69
LAT_FORM_FB_AD_TP_109.jpg,1,0.948,348.4,275.8,407.55,351.12,377.97,313.46
LAT_FORM_FB_AD_TP_109.jpg,2,0.948,537.22,108.33,583.91,183.75,560.57,146.04
LAT_FORM_FB_AD_TP_109.jpg,3,0.946,691.14,278.42,761.96,340.43,726.55,309.42
LAT_FORM_FB_AD_TP_109.jpg,4,0.944,439.65,358.07,497.66,440.05,468.66,399.06
LAT_FORM_FB_AD_TP_109.jpg,5,0.942,435.67,184.14,496.66,252.55,466.16,218.35
LAT_FORM_FB_AD_TP_109.jpg,6,0.938,524.27,282.98,583.81,351.4,554.04,317.19
LAT_FORM_FB_AD_TP_109.jpg,7,0.937,612.87,353.59,671.0,413.9,641.94,383.74
LAT_FORM_FB_AD_TP_109.jpg,8,0.923,619.45,211.24,672.58,275.28,646.02,243.26
LAT_FORM_FB_AD_TP_110.jpg,1,0.949,633.24,351.43,704.44,419.76,668.84,385.59
LAT_FORM_FB_AD_TP_110.jpg,2,0.946,558.23,114.62,621.63,187.85,589.93,151.23
LAT_FORM_FB_AD_TP_110.jpg,3,0.944,468.0,181.81,524.9,254.08,496.45,217.94
LAT_FORM_FB_AD_TP_110.jpg,4,0.942,547.86,289.81,617.02,361.5,582.44,325.66
LAT_FORM_FB_AD_TP_110.jpg,5,0.94,472.41,380.55,547.51,447.26,509.96,413.91
LAT_FORM_FB_AD_TP_110.jpg,6,0.94,715.34,293.27,820.24,354.12,767.79,323.7
LAT_FORM_FB_AD_TP_110.jpg,7,0.936,386.8,284.54,444.85,354.25,415.83,319.4
LAT_FORM_FB_AD_TP_110.jpg,8,0.929,638.34,203.08,699.23,277.83,668.79,240.46
LAT_FORM_FB_AD_TP_111.jpg,1,0.954,481.22,225.71,563.44,302.35,522.33,264.03
LAT_FORM_FB_AD_TP_111.jpg,2,0.947,404.46,96.84,466.05,171.18,435.25,134.01
LAT_FORM_FB_AD_TP_111.jpg,3,0.937,363.19,216.49,430.87,264.35,397.03,240.42
LAT_FORM_FB_AD_TP_111.jpg,4,0.899,395.16,353.1,453.35,388.84,424.25,370.97
LAT_FORM_FB_AD_TP_111.jpg,5,0.887,383.75,281.12,436.92,321.37,410.33,301.24
LAT_FORM_FB_AD_TP_111.jpg,6,0.886,535.91,100.86,590.12,160.86,563.01,130.86
LAT_FORM_FB_AD_TP_111.jpg,7,0.856,543.29,319.81,596.61,357.72,569.95,338.76
LAT_FORM_FB_AD_TP_111.jpg,8,0.833,509.61,38.4,550.1,107.01,529.85,72.71
LAT_FORM_FB_AD_TP_111.jpg,9,0.815,467.61,0.0,510.03,66.14,488.82,33.07
LAT_FORM_FB_AD_TP_111.jpg,10,0.771,574.95,171.93,665.24,270.82,620.1,221.38
LAT_FORM_FB_AD_TP_111.jpg,11,0.769,579.99,382.9,632.89,423.58,606.44,403.24
LAT_FORM_FB_AD_TP_111.jpg,12,0.739,446.22,175.81,484.15,226.18,465.19,200.99
LAT_FORM_FB_AD_TP_111.jpg,13,0.69,444.3,407.46,483.43,448.93,463.87,428.2
LAT_FORM_FB_AD_TP_111.jpg,14,0.638,639.43,287.28,698.37,326.29,668.9,306.79
LAT_FORM_FB_AD_TP_112.jpg,1,0.95,472.06,190.06,544.63,247.31,508.35,218.68
LAT_FORM_FB_AD_TP_112.jpg,2,0.945,471.9,414.48,546.44,476.86,509.17,445.67
LAT_FORM_FB_AD_TP_112.jpg,3,0.937,634.17,198.0,710.27,258.8,672.22,228.4
LAT_FORM_FB_AD_TP_112.jpg,4,0.933,380.49,513.88,458.36,587.11,419.43,550.49
LAT_FORM_FB_AD_TP_112.jpg,5,0.93,553.73,64.32,629.62,128.96,591.67,96.64
LAT_FORM_FB_AD_TP_112.jpg,6,0.927,557.49,314.85,628.51,370.53,593.0,342.69
LAT_FORM_FB_AD_TP_112.jpg,7,0.926,286.29,436.03,371.79,496.52,329.04,466.28
LAT_FORM_FB_AD_TP_112.jpg,8,0.898,380.4,311.13,463.87,368.57,422.13,339.85
LAT_FORM_FB_AD_TP_113.jpg,1,0.946,389.86,303.22,465.67,364.97,427.77,334.1
LAT_FORM_FB_AD_TP_113.jpg,2,0.937,296.09,437.58,374.56,505.54,335.33,471.56
LAT_FORM_FB_AD_TP_113.jpg,3,0.937,477.1,418.11,561.49,477.64,519.3,447.87
LAT_FORM_FB_AD_TP_113.jpg,4,0.936,383.54,510.9,457.86,591.81,420.7,551.35
LAT_FORM_FB_AD_TP_113.jpg,5,0.932,473.47,184.28,541.89,249.98,507.68,217.13
LAT_FORM_FB_AD_TP_113.jpg,6,0.928,557.86,310.97,629.96,372.98,593.91,341.97
LAT_FORM_FB_AD_TP_113.jpg,7,0.926,553.21,49.89,616.92,128.63,585.06,89.26
LAT_FORM_FB_AD_TP_113.jpg,8,0.462,637.05,188.2,702.74,257.35,669.89,222.77
LAT_FORM_FB_AD_TP_114.jpg,1,0.945,398.28,298.95,466.34,381.06,432.31,340.01
LAT_FORM_FB_AD_TP_114.jpg,2,0.943,553.54,60.18,621.27,130.32,587.41,95.25
LAT_FORM_FB_AD_TP_114.jpg,3,0.942,467.32,191.02,542.46,250.35,504.89,220.69
LAT_FORM_FB_AD_TP_114.jpg,4,0.937,556.83,311.22,625.69,370.33,591.26,340.78
LAT_FORM_FB_AD_TP_114.jpg,5,0.937,302.93,421.3,372.0,501.99,337.46,461.65
LAT_FORM_FB_AD_TP_114.jpg,6,0.935,637.03,198.86,707.63,255.91,672.33,227.38
LAT_FORM_FB_AD_TP_114.jpg,7,0.923,380.99,515.77,458.59,581.22,419.79,548.5
LAT_FORM_FB_AD_TP_114.jpg,8,0.921,478.48,417.58,543.66,484.12,511.07,450.85
LAT_FORM_FB_AD_TP_115.jpg,1,0.945,237.8,114.32,353.73,198.55,295.76,156.44
LAT_FORM_FB_AD_TP_115.jpg,2,0.936,359.84,435.46,487.76,511.63,423.8,473.55
LAT_FORM_FB_AD_TP_115.jpg,3,0.926,579.68,449.27,684.07,511.79,631.87,480.53
LAT_FORM_FB_AD_TP_115.jpg,4,0.926,500.82,127.5,569.0,235.88,534.91,181.69
LAT_FORM_FB_AD_TP_115.jpg,5,0.887,237.65,359.01,366.23,416.97,301.94,387.99
LAT_FORM_FB_AD_TP_115.jpg,6,0.857,478.85,366.47,591.41,419.71,535.13,393.09
LAT_FORM_FB_AD_TP_115.jpg,7,0.431,148.02,263.18,291.99,314.18,220.01,288.68
LAT_FORM_FB_AD_TP_116.jpg,1,0.953,151.83,236.6,253.99,326.74,202.91,281.67
LAT_FORM_FB_AD_TP_116.jpg,2,0.949,247.46,339.33,341.77,430.12,294.61,384.73
LAT_FORM_FB_AD_TP_116.jpg,3,0.948,498.73,131.79,551.81,242.84,525.27,187.32
LAT_FORM_FB_AD_TP_116.jpg,4,0.947,483.72,341.16,586.67,423.17,535.19,382.17
LAT_FORM_FB_AD_TP_116.jpg,5,0.934,355.34,439.0,469.48,523.99,412.41,481.49
LAT_FORM_FB_AD_TP_116.jpg,6,0.932,565.38,455.63,675.53,522.41,620.45,489.02
LAT_FORM_FB_AD_TP_116.jpg,7,0.865,362.49,245.71,478.74,309.77,420.61,277.74
LAT_FORM_FB_AD_TP_116.jpg,8,0.774,254.35,108.55,328.94,210.22,291.65,159.39
LAT_FORM_FB_AD_TP_116.jpg,9,0.596,254.74,108.66,328.48,209.88,291.61,159.27
LAT_FORM_FB_AD_TP_117.jpg,1,0.965,511.48,335.24,595.49,439.04,553.48,387.14
LAT_FORM_FB_AD_TP_117.jpg,2,0.956,377.39,238.94,478.59,341.64,427.99,290.29
LAT_FORM_FB_AD_TP_117.jpg,3,0.955,499.72,136.86,550.39,256.43,525.06,196.65
LAT_FORM_FB_AD_TP_117.jpg,4,0.95,264.51,359.6,363.45,469.12,313.98,414.36
LAT_FORM_FB_AD_TP_117.jpg,5,0.94,149.53,247.69,272.58,359.68,211.05,303.68
LAT_FORM_FB_AD_TP_117.jpg,6,0.939,257.94,109.85,335.08,230.51,296.51,170.18
LAT_FORM_FB_AD_TP_117.jpg,7,0.924,583.77,452.82,673.71,525.64,628.74,489.23
LAT_FORM_FB_AD_TP_117.jpg,8,0.581,371.6,446.74,473.38,550.54,422.49,498.64
LAT_FORM_FB_AD_TP_118.jpg,1,0.958,382.84,223.84,460.93,347.55,421.88,285.7
LAT_FORM_FB_AD_TP_118.jpg,2,0.958,173.64,242.64,251.87,366.24,212.76,304.44
LAT_FORM_FB_AD_TP_118.jpg,3,0.952,371.45,422.38,447.97,555.11,409.71,488.75
LAT_FORM_FB_AD_TP_118.jpg,4,0.947,261.21,116.16,329.18,225.89,295.19,171.03
LAT_FORM_FB_AD_TP_118.jpg,5,0.941,501.21,137.6,576.17,237.6,538.69,187.6
LAT_FORM_FB_AD_TP_118.jpg,6,0.939,508.93,322.47,573.22,445.35,541.07,383.91
LAT_FORM_FB_AD_TP_118.jpg,7,0.928,581.58,443.13,678.76,537.82,630.17,490.47
STD_FORM_FB_AD_AV_001.jpg,1,0.936,582.62,280.29,633.15,361.03,607.89,320.66
STD_FORM_FB_AD_AV_001.jpg,2,0.919,793.69,237.56,845.07,311.88,819.38,274.72
STD_FORM_FB_AD_AV_001.jpg,3,0.905,704.23,252.1,753.26,330.43,728.74,291.27
STD_FORM_FB_AD_AV_001.jpg,4,0.893,565.38,192.83,599.69,261.02,582.53,226.92
STD_FORM_FB_AD_AV_001.jpg,5,0.885,457.32,207.27,496.55,271.71,476.94,239.49
STD_FORM_FB_AD_AV_001.jpg,6,0.853,645.81,169.42,684.99,225.73,665.4,197.58
STD_FORM_FB_AD_AV_001.jpg,7,0.736,517.08,236.71,563.2,306.45,540.14,271.58
STD_FORM_FB_AD_AV_002.jpg,1,0.941,502.39,238.95,549.13,310.48,525.76,274.72
STD_FORM_FB_AD_AV_002.jpg,2,0.929,575.86,280.5,634.97,364.7,605.41,322.6
STD_FORM_FB_AD_AV_002.jpg,3,0.928,629.37,162.24,671.94,226.74,650.65,194.49
STD_FORM_FB_AD_AV_002.jpg,4,0.91,689.76,255.18,742.98,335.76,716.37,295.47
STD_FORM_FB_AD_AV_002.jpg,5,0.905,803.94,238.48,850.76,309.17,827.35,273.83
STD_FORM_FB_AD_AV_002.jpg,6,0.902,439.2,206.43,480.11,270.29,459.66,238.36
STD_FORM_FB_AD_AV_002.jpg,7,0.857,550.91,189.46,589.25,257.92,570.08,223.69
STD_FORM_FB_AD_AV_002.jpg,8,0.746,706.61,200.73,754.18,251.02,730.4,225.88
STD_FORM_FB_AD_AV_003.jpg,1,0.949,540.84,272.82,662.7,412.36,601.77,342.59
STD_FORM_FB_AD_AV_003.jpg,2,0.949,727.31,224.07,806.2,372.19,766.75,298.13
STD_FORM_FB_AD_AV_003.jpg,3,0.945,608.62,97.22,690.88,199.04,649.75,148.13
STD_FORM_FB_AD_AV_003.jpg,4,0.941,882.6,196.06,990.3,313.44,936.45,254.75
STD_FORM_FB_AD_AV_003.jpg,5,0.938,396.94,227.2,503.78,349.63,450.36,288.41
STD_FORM_FB_AD_AV_003.jpg,6,0.915,473.67,142.8,541.58,252.53,507.63,197.66
STD_FORM_FB_AD_AV_003.jpg,7,0.879,307.57,163.45,391.28,278.39,349.42,220.92
STD_FORM_FB_AD_AV_004.jpg,1,0.966,664.05,137.76,754.46,266.68,709.26,202.22
STD_FORM_FB_AD_AV_004.jpg,2,0.963,494.22,185.89,590.33,314.29,542.27,250.09
STD_FORM_FB_AD_AV_004.jpg,3,0.961,783.58,251.21,884.65,397.62,834.11,324.42
STD_FORM_FB_AD_AV_004.jpg,4,0.958,967.88,236.03,1074.16,373.74,1021.02,304.89
STD_FORM_FB_AD_AV_004.jpg,5,0.957,591.54,318.07,684.87,460.21,638.21,389.14
STD_FORM_FB_AD_AV_004.jpg,6,0.948,346.9,365.28,460.88,506.46,403.89,435.87
STD_FORM_FB_AD_AV_004.jpg,7,0.944,691.1,446.85,811.31,611.72,751.2,529.29
STD_FORM_FB_AD_AV_004.jpg,8,0.942,921.14,399.21,1053.23,554.52,987.18,476.86
STD_FORM_FB_AD_AV_005.jpg,1,0.957,670.34,336.2,781.17,487.73,725.75,411.96
STD_FORM_FB_AD_AV_005.jpg,2,0.951,336.36,310.01,450.17,441.51,393.27,375.76
STD_FORM_FB_AD_AV_005.jpg,3,0.95,734.05,189.68,824.71,310.55,779.38,250.12
STD_FORM_FB_AD_AV_005.jpg,4,0.947,856.97,304.76,975.1,443.81,916.03,374.29
STD_FORM_FB_AD_AV_005.jpg,5,0.944,498.12,148.27,584.62,261.38,541.37,204.83
STD_FORM_FB_AD_AV_005.jpg,6,0.937,571.42,243.21,656.15,360.46,613.78,301.83
STD_FORM_FB_AD_AV_005.jpg,7,0.936,880.39,167.88,972.5,287.36,926.45,227.62
STD_FORM_FB_AD_AV_005.jpg,8,0.878,625.09,119.49,703.97,231.14,664.53,175.31
STD_FORM_FB_AD_AV_006.jpg,1,0.969,395.29,332.46,497.42,492.63,446.36,412.54
STD_FORM_FB_AD_AV_006.jpg,2,0.966,711.22,343.48,809.8,506.45,760.51,424.97
STD_FORM_FB_AD_AV_006.jpg,3,0.957,889.91,309.62,989.19,475.71,939.55,392.66
STD_FORM_FB_AD_AV_006.jpg,4,0.946,897.18,190.23,976.98,311.5,937.08,250.87
STD_FORM_FB_AD_AV_006.jpg,5,0.943,527.02,181.17,603.88,311.26,565.45,246.22
STD_FORM_FB_AD_AV_006.jpg,6,0.942,770.83,208.26,850.01,348.4,810.42,278.33
STD_FORM_FB_AD_AV_006.jpg,7,0.933,604.04,270.33,689.29,405.86,646.66,338.09
STD_FORM_FB_AD_AV_006.jpg,8,0.918,649.32,154.29,710.42,277.43,679.87,215.86
STD_FORM_FB_AD_AV_007.jpg,1,0.955,860.95,351.78,965.9,480.34,913.43,416.06
STD_FORM_FB_AD_AV_007.jpg,2,0.955,322.4,396.31,427.32,542.97,374.86,469.64
STD_FORM_FB_AD_AV_007.jpg,3,0.954,501.22,331.07,591.5,448.82,546.36,389.95
STD_FORM_FB_AD_AV_007.jpg,4,0.946,422.87,283.94,499.74,399.56,461.3,341.75
STD_FORM_FB_AD_AV_007.jpg,5,0.942,746.0,399.48,849.03,537.6,797.52,468.54
STD_FORM_FB_AD_AV_007.jpg,6,0.932,263.9,301.58,349.97,424.9,306.93,363.24
STD_FORM_FB_AD_AV_007.jpg,7,0.929,633.74,323.77,730.14,436.81,681.94,380.29
STD_FORM_FB_AD_AV_007.jpg,8,0.917,760.97,293.33,829.03,400.87,795.0,347.1
STD_FORM_FB_AD_AV_008.jpg,1,0.96,712.66,426.64,843.47,594.2,778.06,510.42
STD_FORM_FB_AD_AV_008.jpg,2,0.944,716.31,263.03,806.98,395.61,761.64,329.32
STD_FORM_FB_AD_AV_008.jpg,3,0.934,170.95,269.48,267.81,423.42,219.38,346.45
STD_FORM_FB_AD_AV_008.jpg,4,0.922,244.22,371.33,344.79,538.99,294.5,455.16
STD_FORM_FB_AD_AV_008.jpg,5,0.896,588.46,323.98,687.8,466.42,638.13,395.2
STD_FORM_FB_AD_AV_008.jpg,6,0.814,423.05,294.23,506.75,433.39,464.9,363.81
STD_FORM_FB_AD_AV_008.jpg,7,0.786,350.88,235.34,437.91,361.44,394.4,298.39
STD_FORM_FB_AD_AV_008.jpg,8,0.743,838.27,340.99,943.47,491.72,890.87,416.36
STD_FORM_FB_AD_AV_009.jpg,1,0.947,917.6,257.18,1013.35,386.3,965.48,321.74
STD_FORM_FB_AD_AV_009.jpg,2,0.942,376.6,389.54,478.87,532.21,427.74,460.87
STD_FORM_FB_AD_AV_009.jpg,3,0.939,640.28,208.4,726.12,331.41,683.2,269.9
STD_FORM_FB_AD_AV_009.jpg,4,0.933,792.6,180.28,879.94,306.74,836.27,243.51
STD_FORM_FB_AD_AV_009.jpg,5,0.929,734.4,312.72,813.65,439.13,774.03,375.92
STD_FORM_FB_AD_AV_009.jpg,6,0.92,563.7,341.76,658.67,493.44,611.18,417.6
STD_FORM_FB_AD_AV_009.jpg,7,0.915,517.75,247.06,582.75,373.74,550.25,310.4
STD_FORM_FB_AD_AV_009.jpg,8,0.915,337.96,280.85,411.49,420.46,374.72,350.65
STD_FORM_FB_AD_AV_010.jpg,1,0.946,297.78,364.59,403.34,507.53,350.56,436.06
STD_FORM_FB_AD_AV_010.jpg,2,0.942,425.35,320.35,512.24,470.13,468.79,395.24
STD_FORM_FB_AD_AV_010.jpg,3,0.938,945.71,204.71,1032.94,340.01,989.33,272.36
STD_FORM_FB_AD_AV_010.jpg,4,0.937,505.48,298.68,597.49,447.85,551.49,373.26
STD_FORM_FB_AD_AV_010.jpg,5,0.931,692.37,271.52,767.95,400.61,730.16,336.06
STD_FORM_FB_AD_AV_010.jpg,6,0.92,780.68,243.74,858.32,389.76,819.5,316.75
STD_FORM_FB_AD_AV_010.jpg,7,0.895,626.79,289.12,695.09,434.45,660.94,361.79
STD_FORM_FB_AD_AV_010.jpg,8,0.894,842.61,233.89,926.02,361.56,884.32,297.72
STD_FORM_FB_AD_AV_011.jpg,1,0.953,844.47,379.4,931.42,484.64,887.94,432.02
STD_FORM_FB_AD_AV_011.jpg,2,0.948,717.09,396.44,799.4,508.29,758.25,452.36
STD_FORM_FB_AD_AV_011.jpg,3,0.932,630.51,368.98,707.54,461.06,669.02,415.02
STD_FORM_FB_AD_AV_011.jpg,4,0.928,566.85,428.63,658.75,537.78,612.8,483.21
STD_FORM_FB_AD_AV_011.jpg,5,0.927,355.07,401.32,414.22,505.96,384.65,453.64
STD_FORM_FB_AD_AV_011.jpg,6,0.921,499.69,366.37,570.59,475.9,535.14,421.13
STD_FORM_FB_AD_AV_011.jpg,7,0.905,766.27,340.07,831.71,428.48,798.99,384.27
STD_FORM_FB_AD_AV_011.jpg,8,0.829,400.89,446.64,498.41,575.93,449.65,511.28
STD_FORM_FB_AD_AV_012.jpg,1,0.948,641.83,326.69,694.42,413.0,668.12,369.85
STD_FORM_FB_AD_AV_012.jpg,2,0.945,508.72,339.9,581.69,440.3,545.2,390.1
STD_FORM_FB_AD_AV_012.jpg,3,0.941,437.65,428.49,527.81,549.03,482.73,488.76
STD_FORM_FB_AD_AV_012.jpg,4,0.937,858.23,330.18,914.26,438.63,886.24,384.4
STD_FORM_FB_AD_AV_012.jpg,5,0.935,734.63,358.05,801.2,465.55,767.91,411.8
STD_FORM_FB_AD_AV_012.jpg,6,0.928,372.8,378.7,442.5,491.04,407.65,434.87
STD_FORM_FB_AD_AV_012.jpg,7,0.926,599.31,403.86,665.33,531.4,632.32,467.63
STD_FORM_FB_AD_AV_013.jpg,1,0.954,670.93,327.69,736.68,443.97,703.81,385.83
STD_FORM_FB_AD_AV_013.jpg,2,0.949,591.9,282.75,646.77,380.67,619.34,331.71
STD_FORM_FB_AD_AV_013.jpg,3,0.946,574.26,380.61,656.65,505.48,615.45,443.04
STD_FORM_FB_AD_AV_013.jpg,4,0.942,336.66,372.41,422.46,484.66,379.56,428.53
STD_FORM_FB_AD_AV_013.jpg,5,0.941,495.8,319.11,569.2,428.23,532.5,373.67
STD_FORM_FB_AD_AV_013.jpg,6,0.934,439.6,411.61,517.14,548.23,478.37,479.92
STD_FORM_FB_AD_AV_013.jpg,7,0.929,801.42,291.63,876.75,404.26,839.08,347.94
STD_FORM_FB_AD_AV_013.jpg,8,0.761,703.01,256.89,762.42,342.98,732.71,299.94
STD_FORM_FB_AD_AV_014.jpg,1,0.954,491.96,369.04,577.94,526.09,534.95,447.57
STD_FORM_FB_AD_AV_014.jpg,2,0.953,952.59,379.89,1074.93,564.41,1013.76,472.15
STD_FORM_FB_AD_AV_014.jpg,3,0.951,854.73,262.47,941.09,412.4,897.91,337.44
STD_FORM_FB_AD_AV_014.jpg,4,0.946,717.76,328.68,813.87,477.34,765.81,403.01
STD_FORM_FB_AD_AV_014.jpg,5,0.943,808.32,444.78,929.29,628.76,868.8,536.77
STD_FORM_FB_AD_AV_015.jpg,1,0.956,214.15,274.95,355.77,468.62,284.96,371.78
STD_FORM_FB_AD_AV_015.jpg,2,0.95,930.12,182.2,1060.33,374.3,995.23,278.25
STD_FORM_FB_AD_AV_015.jpg,3,0.949,396.09,426.18,572.89,644.14,484.49,535.16
STD_FORM_FB_AD_AV_015.jpg,4,0.947,654.58,95.3,757.06,253.2,705.82,174.25
STD_FORM_FB_AD_AV_015.jpg,5,0.937,695.21,218.38,826.63,397.48,760.92,307.93
STD_FORM_FB_AD_AV_015.jpg,6,0.767,449.53,250.79,572.41,427.48,510.97,339.14
STD_FORM_FB_AD_AV_015.jpg,7,0.752,791.77,399.8,933.14,616.76,862.45,508.28
STD_FORM_FB_AD_AV_016.jpg,1,0.969,695.92,253.66,809.33,419.66,752.63,336.66
STD_FORM_FB_AD_AV_016.jpg,2,0.96,411.21,454.08,549.55,673.58,480.38,563.83
STD_FORM_FB_AD_AV_016.jpg,3,0.951,101.57,322.78,260.43,520.79,181.0,421.78
STD_FORM_FB_AD_AV_016.jpg,4,0.943,866.97,184.18,997.76,343.41,932.36,263.8
STD_FORM_FB_AD_AV_016.jpg,5,0.939,574.1,119.14,676.85,268.7,625.48,193.92
STD_FORM_FB_AD_AV_016.jpg,6,0.937,653.78,427.68,790.93,619.27,722.35,523.48
STD_FORM_FB_AD_AV_016.jpg,7,0.936,342.64,271.13,464.0,443.28,403.32,357.21
STD_FORM_FB_AD_AV_016.jpg,8,0.928,434.57,189.21,547.01,357.57,490.79,273.39
STD_FORM_FB_AD_AV_017.jpg,1,0.976,691.5,320.16,812.41,483.1,751.96,401.63
STD_FORM_FB_AD_AV_017.jpg,2,0.952,427.59,374.08,549.86,542.12,488.72,458.1
STD_FORM_FB_AD_AV_017.jpg,3,0.944,99.49,450.04,232.55,643.22,166.02,546.63
STD_FORM_FB_AD_AV_017.jpg,4,0.93,536.45,258.79,619.88,387.22,578.17,323.0
STD_FORM_FB_AD_AV_017.jpg,5,0.929,321.15,346.04,413.34,490.71,367.24,418.37
STD_FORM_FB_AD_AV_017.jpg,6,0.882,872.65,221.18,983.26,374.84,927.96,298.01
STD_FORM_FB_AD_AV_018.jpg,1,0.94,189.18,214.1,312.11,442.98,250.65,328.54
STD_FORM_FB_AD_AV_018.jpg,2,0.929,360.15,202.61,494.19,432.33,427.17,317.47
STD_FORM_FB_AD_AV_018.jpg,3,0.925,957.85,202.72,1089.97,431.31,1023.91,317.01
STD_FORM_FB_AD_AV_018.jpg,4,0.916,660.31,209.61,800.74,427.37,730.52,318.49
STD_FORM_FB_AD_AV_018.jpg,5,0.913,1778.36,241.7,1909.86,482.05,1844.11,361.87
STD_FORM_FB_AD_AV_018.jpg,6,0.905,1578.41,232.47,1708.91,484.24,1643.66,358.36
STD_FORM_FB_AD_AV_018.jpg,7,0.877,1087.89,231.82,1241.08,480.2,1164.49,356.01
STD_FORM_FB_AD_AV_018.jpg,8,0.716,1371.89,225.4,1506.58,477.29,1439.23,351.34
STD_FORM_FB_AD_AV_019.jpg,1,0.95,514.16,390.13,707.94,710.69,611.05,550.41
STD_FORM_FB_AD_AV_019.jpg,2,0.94,1035.61,312.61,1175.62,602.54,1105.61,457.57
STD_FORM_FB_AD_AV_019.jpg,3,0.939,1224.07,369.33,1382.93,675.2,1303.5,522.26
STD_FORM_FB_AD_AV_019.jpg,4,0.938,192.24,440.66,450.48,789.09,321.36,614.87
STD_FORM_FB_AD_AV_019.jpg,5,0.921,1521.09,415.2,1681.22,755.9,1601.15,585.55
STD_FORM_FB_AD_AV_019.jpg,6,0.788,774.8,332.13,934.04,634.79,854.42,483.46
STD_FORM_FB_AD_AV_019.jpg,7,0.493,0.0,563.92,44.9,810.1,22.45,687.01
STD_FORM_FB_AD_AV_020.jpg,1,0.967,531.18,166.5,695.85,418.02,613.52,292.26
STD_FORM_FB_AD_AV_020.jpg,2,0.939,350.74,199.81,489.13,424.93,419.94,312.37
STD_FORM_FB_AD_AV_020.jpg,3,0.937,1303.98,189.75,1463.31,417.59,1383.64,303.67
STD_FORM_FB_AD_AV_020.jpg,4,0.936,142.72,193.55,279.17,427.17,210.95,310.36
STD_FORM_FB_AD_AV_020.jpg,5,0.92,1660.0,197.59,1792.14,422.64,1726.07,310.11
STD_FORM_FB_AD_AV_020.jpg,6,0.916,780.98,141.58,933.13,356.03,857.05,248.8
STD_FORM_FB_AD_AV_020.jpg,7,0.913,1017.46,153.21,1165.37,367.43,1091.42,260.32
STD_FORM_FB_AD_AV_020.jpg,8,0.891,1478.82,182.41,1615.02,429.1,1546.92,305.76
STD_FORM_FB_AD_AV_021.jpg,1,0.951,194.74,214.42,356.37,420.14,275.56,317.28
STD_FORM_FB_AD_AV_021.jpg,2,0.944,370.73,188.38,538.38,420.14,454.56,304.26
STD_FORM_FB_AD_AV_021.jpg,3,0.944,1289.63,172.75,1471.12,417.17,1380.38,294.96
STD_FORM_FB_AD_AV_021.jpg,4,0.939,1497.46,175.46,1682.26,418.47,1589.86,296.97
STD_FORM_FB_AD_AV_021.jpg,5,0.936,842.52,148.88,969.51,359.17,906.02,254.03
STD_FORM_FB_AD_AV_021.jpg,6,0.932,1078.76,156.96,1243.17,370.31,1160.97,263.64
STD_FORM_FB_AD_AV_021.jpg,7,0.92,544.6,173.29,731.27,418.38,637.94,295.83
STD_FORM_FB_AD_AV_021.jpg,8,0.918,1707.58,190.07,1862.88,420.22,1785.23,305.15
STD_FORM_FB_AD_AV_022.jpg,1,0.944,1253.99,273.56,1416.14,545.7,1335.06,409.63
STD_FORM_FB_AD_AV_022.jpg,2,0.942,527.22,265.88,719.93,545.14,623.57,405.51
STD_FORM_FB_AD_AV_022.jpg,3,0.942,1605.52,310.18,1774.19,594.72,1689.86,452.45
STD_FORM_FB_AD_AV_022.jpg,4,0.939,282.14,336.79,475.64,616.57,378.89,476.68
STD_FORM_FB_AD_AV_022.jpg,5,0.912,1038.82,242.94,1223.94,473.95,1131.38,358.45
STD_FORM_FB_AD_AV_022.jpg,6,0.909,761.16,234.75,891.83,481.89,826.49,358.32
STD_FORM_FB_AD_AV_022.jpg,7,0.861,109.93,289.94,266.79,535.67,188.36,412.81
STD_FORM_FB_AD_AV_028.jpg,1,0.946,233.72,448.33,397.74,697.15,315.73,572.74
STD_FORM_FB_AD_AV_028.jpg,2,0.945,1479.08,401.71,1634.3,642.56,1556.69,522.14
STD_FORM_FB_AD_AV_028.jpg,3,0.943,77.83,395.92,207.04,631.31,142.44,513.61
STD_FORM_FB_AD_AV_028.jpg,4,0.939,1056.85,434.82,1191.17,658.98,1124.01,546.9
STD_FORM_FB_AD_AV_028.jpg,5,0.936,634.38,574.83,811.21,844.52,722.79,709.67
STD_FORM_FB_AD_AV_028.jpg,6,0.933,1270.53,343.67,1396.47,571.93,1333.5,457.8
STD_FORM_FB_AD_AV_028.jpg,7,0.93,1334.71,515.71,1488.71,751.56,1411.71,633.63
STD_FORM_FB_AD_AV_028.jpg,8,0.92,409.77,492.04,586.6,757.14,498.18,624.59
STD_FORM_FB_AD_AV_029.jpg,1,0.951,663.69,520.98,838.25,752.19,750.97,636.59
STD_FORM_FB_AD_AV_029.jpg,2,0.95,173.79,388.71,311.27,599.54,242.53,494.13
STD_FORM_FB_AD_AV_029.jpg,3,0.949,484.61,473.98,620.23,706.13,552.42,590.06
STD_FORM_FB_AD_AV_029.jpg,4,0.942,305.31,437.52,458.73,656.93,382.02,547.22
STD_FORM_FB_AD_AV_029.jpg,5,0.941,1343.26,556.4,1492.19,780.69,1417.73,668.55
STD_FORM_FB_AD_AV_029.jpg,6,0.933,1068.68,486.3,1221.57,694.89,1145.12,590.6
STD_FORM_FB_AD_AV_029.jpg,7,0.932,1464.87,465.0,1627.02,686.18,1545.95,575.59
STD_FORM_FB_AD_AV_030.jpg,1,0.958,614.06,476.93,742.09,701.93,678.08,589.43
STD_FORM_FB_AD_AV_030.jpg,2,0.951,443.1,443.27,571.77,656.45,507.44,549.86
STD_FORM_FB_AD_AV_030.jpg,3,0.937,778.68,525.13,904.54,756.6,841.61,640.86
STD_FORM_FB_AD_AV_030.jpg,4,0.935,315.7,396.58,424.54,600.65,370.12,498.62
STD_FORM_FB_AD_AV_030.jpg,5,0.931,1352.17,464.2,1492.86,702.6,1422.51,583.4
STD_FORM_FB_AD_AV_030.jpg,6,0.899,1200.8,553.19,1363.65,770.09,1282.23,661.64
STD_FORM_FB_AD_AV_030.jpg,7,0.824,996.62,464.97,1136.76,678.43,1066.69,571.7
STD_FORM_FB_AD_AV_030.jpg,8,0.504,1221.27,381.51,1345.78,600.26,1283.52,490.88
STD_FORM_FB_AD_AV_031.jpg,1,0.961,949.94,598.04,1173.65,1016.35,1061.79,807.19
STD_FORM_FB_AD_AV_031.jpg,2,0.956,1510.42,369.66,1746.89,762.34,1628.65,566.0
STD_FORM_FB_AD_AV_031.jpg,3,0.955,532.74,503.85,794.7,888.56,663.72,696.2
STD_FORM_FB_AD_AV_031.jpg,4,0.947,943.64,262.44,1219.98,603.46,1081.81,432.95
STD_FORM_FB_AD_AV_031.jpg,5,0.941,1210.58,485.19,1428.0,888.35,1319.29,686.77
STD_FORM_FB_AD_AV_031.jpg,6,0.936,248.71,452.88,506.14,807.7,377.42,630.29
STD_FORM_FB_AD_AV_032.jpg,1,0.961,1350.45,540.82,1554.55,856.17,1452.5,698.5
STD_FORM_FB_AD_AV_032.jpg,2,0.959,437.25,494.88,655.47,786.89,546.36,640.88
STD_FORM_FB_AD_AV_032.jpg,3,0.955,179.74,225.86,362.97,451.68,271.35,338.77
STD_FORM_FB_AD_AV_032.jpg,4,0.951,1534.29,449.13,1712.47,746.81,1623.38,597.97
STD_FORM_FB_AD_AV_032.jpg,5,0.949,53.83,502.12,279.46,781.01,166.65,641.56
STD_FORM_FB_AD_AV_032.jpg,6,0.943,507.16,197.17,701.74,436.87,604.45,317.02
STD_FORM_FB_AD_AV_032.jpg,7,0.93,1105.27,630.66,1308.75,966.59,1207.01,798.62
STD_FORM_FB_AD_AV_032.jpg,8,0.806,358.74,293.11,518.2,536.19,438.47,414.65
STD_FORM_FB_AD_AV_033.jpg,1,0.953,1191.15,579.25,1318.96,804.14,1255.05,691.7
STD_FORM_FB_AD_AV_033.jpg,2,0.951,418.99,493.01,548.41,689.86,483.7,591.43
STD_FORM_FB_AD_AV_033.jpg,3,0.95,700.91,268.31,824.44,464.32,762.68,366.32
STD_FORM_FB_AD_AV_033.jpg,4,0.944,1311.08,501.24,1434.52,721.03,1372.8,611.14
STD_FORM_FB_AD_AV_033.jpg,5,0.938,719.14,485.4,839.95,692.22,779.55,588.81
STD_FORM_FB_AD_AV_033.jpg,6,0.937,544.75,337.68,662.38,528.94,603.56,433.31
STD_FORM_FB_AD_AV_033.jpg,7,0.907,1411.98,434.83,1561.94,647.61,1486.96,541.22
STD_FORM_FB_AD_AV_033.jpg,8,0.845,1412.73,434.5,1561.08,647.8,1486.91,541.15
STD_FORM_FB_AD_AV_033.jpg,9,0.749,481.14,293.46,568.63,458.0,524.89,375.73
STD_FORM_FB_AD_AV_034.jpg,1,0.974,132.18,351.1,335.45,718.35,233.82,534.73
STD_FORM_FB_AD_AV_034.jpg,2,0.958,1146.74,494.92,1366.28,889.26,1256.51,692.09
STD_FORM_FB_AD_AV_034.jpg,3,0.953,493.86,326.68,710.19,657.54,602.02,492.11
STD_FORM_FB_AD_AV_034.jpg,4,0.95,1375.75,307.65,1572.6,684.67,1474.18,496.16
STD_FORM_FB_AD_AV_034.jpg,5,0.947,331.16,515.85,529.73,886.12,430.44,700.99
STD_FORM_FB_AD_AV_034.jpg,6,0.918,649.95,464.84,867.0,815.3,758.47,640.07
STD_FORM_FB_AD_AV_034.jpg,7,0.903,797.96,589.43,1021.43,980.53,909.69,784.98
STD_FORM_FB_AD_AV_035.jpg,1,0.943,1246.75,431.37,1370.78,634.42,1308.77,532.9
STD_FORM_FB_AD_AV_035.jpg,2,0.938,1112.74,415.17,1240.5,597.01,1176.62,506.09
STD_FORM_FB_AD_AV_035.jpg,3,0.934,1356.2,495.74,1482.9,698.09,1419.55,596.92
STD_FORM_FB_AD_AV_035.jpg,4,0.93,588.06,381.59,711.88,566.87,649.97,474.23
STD_FORM_FB_AD_AV_035.jpg,5,0.926,978.85,377.96,1106.76,557.69,1042.81,467.83
STD_FORM_FB_AD_AV_035.jpg,6,0.925,836.15,396.2,967.42,584.08,901.78,490.14
STD_FORM_FB_AD_AV_035.jpg,7,0.918,1481.92,540.62,1615.35,765.74,1548.64,653.18
STD_FORM_FB_AD_AV_035.jpg,8,0.896,706.54,346.85,822.28,544.5,764.41,445.67
STD_FORM_FB_AD_AV_036.jpg,1,0.96,1027.71,596.23,1185.52,896.1,1106.62,746.16
STD_FORM_FB_AD_AV_036.jpg,2,0.952,1509.99,507.95,1698.84,793.01,1604.42,650.48
STD_FORM_FB_AD_AV_036.jpg,3,0.949,365.06,529.16,530.01,790.78,447.54,659.97
STD_FORM_FB_AD_AV_036.jpg,4,0.947,180.0,459.28,334.96,743.71,257.48,601.5
STD_FORM_FB_AD_AV_036.jpg,5,0.944,561.35,464.22,722.21,732.49,641.78,598.36
STD_FORM_FB_AD_AV_036.jpg,6,0.94,1250.22,455.62,1430.02,754.53,1340.12,605.07
STD_FORM_FB_AD_AV_036.jpg,7,0.519,780.53,541.38,957.18,799.48,868.86,670.43
STD_FORM_FB_AD_AV_036.jpg,8,0.434,779.76,540.57,955.52,800.2,867.64,670.38
STD_FORM_FB_AD_AV_037.jpg,1,0.935,1425.4,472.54,1587.9,729.63,1506.65,601.08
STD_FORM_FB_AD_AV_037.jpg,2,0.927,941.32,525.31,1116.91,784.34,1029.11,654.82
STD_FORM_FB_AD_AV_037.jpg,3,0.924,407.96,527.69,601.61,805.88,504.78,666.79
STD_FORM_FB_AD_AV_037.jpg,4,0.924,1221.52,404.42,1403.53,670.66,1312.53,537.54
STD_FORM_FB_AD_AV_037.jpg,5,0.904,803.93,348.64,958.93,584.64,881.43,466.64
STD_FORM_FB_AD_AV_038.jpg,1,0.973,231.69,573.72,426.65,915.68,329.17,744.7
STD_FORM_FB_AD_AV_038.jpg,2,0.95,834.73,549.3,1029.93,878.56,932.33,713.93
STD_FORM_FB_AD_AV_038.jpg,3,0.923,691.79,327.66,880.03,618.08,785.91,472.87
STD_FORM_FB_AD_AV_038.jpg,4,0.887,1072.24,410.94,1263.41,726.12,1167.82,568.53
STD_FORM_FB_AD_AV_038.jpg,5,0.885,404.98,489.73,571.04,800.12,488.01,644.93
STD_FORM_FB_AD_AV_038.jpg,6,0.871,527.58,399.5,699.63,693.0,613.61,546.25
STD_FORM_FB_AD_AV_038.jpg,7,0.839,1311.52,498.26,1508.89,810.32,1410.2,654.29
STD_FORM_FB_AD_AV_038.jpg,8,0.839,907.54,375.71,1081.72,608.65,994.63,492.18
STD_FORM_FB_AD_AV_039.jpg,1,0.952,912.3,269.11,1085.03,564.14,998.67,416.62
STD_FORM_FB_AD_AV_039.jpg,2,0.949,1386.75,441.18,1590.94,754.63,1488.84,597.9
STD_FORM_FB_AD_AV_039.jpg,3,0.944,788.14,475.17,964.02,813.03,876.08,644.1
STD_FORM_FB_AD_AV_039.jpg,4,0.94,197.19,493.91,396.93,843.21,297.06,668.56
STD_FORM_FB_AD_AV_039.jpg,5,0.929,1114.81,332.24,1292.6,656.39,1203.7,494.31
STD_FORM_FB_AD_AV_039.jpg,6,0.895,472.56,269.76,615.2,576.81,543.88,423.29
STD_FORM_FB_AD_AV_039.jpg,7,0.755,684.87,204.06,847.96,493.84,766.41,348.95
STD_FORM_FB_AD_AV_039.jpg,8,0.671,685.41,203.99,847.24,494.03,766.32,349.01
STD_FORM_FB_AD_AV_040.jpg,1,0.961,795.85,260.3,982.7,553.28,889.28,406.79
STD_FORM_FB_AD_AV_040.jpg,2,0.945,341.27,460.56,542.59,758.08,441.93,609.32
STD_FORM_FB_AD_AV_040.jpg,3,0.941,1529.3,389.08,1707.7,682.68,1618.5,535.88
STD_FORM_FB_AD_AV_040.jpg,4,0.923,973.35,414.29,1170.32,716.48,1071.83,565.38
STD_FORM_FB_AD_AV_040.jpg,5,0.766,1183.6,340.05,1356.56,617.66,1270.08,478.86
STD_FORM_FB_AD_AV_040.jpg,6,0.62,584.26,333.19,771.31,629.33,677.79,481.26
STD_FORM_FB_AD_AV_041.jpg,1,0.962,1126.16,447.68,1282.45,712.42,1204.3,580.05
STD_FORM_FB_AD_AV_041.jpg,2,0.943,943.12,518.5,1109.88,791.56,1026.5,655.03
STD_FORM_FB_AD_AV_041.jpg,3,0.934,249.25,437.08,410.22,698.14,329.73,567.61
STD_FORM_FB_AD_AV_041.jpg,4,0.933,826.65,416.73,982.58,677.04,904.62,546.88
STD_FORM_FB_AD_AV_041.jpg,5,0.926,1342.97,380.46,1501.56,637.45,1422.27,508.95
STD_FORM_FB_AD_AV_041.jpg,6,0.904,1464.18,483.74,1623.44,753.17,1543.81,618.46
STD_FORM_FB_AD_AV_041.jpg,7,0.9,359.17,549.71,525.79,846.04,442.48,697.87
STD_FORM_FB_AD_AV_041.jpg,8,0.861,499.22,466.1,658.89,733.34,579.05,599.72
STD_FORM_FB_AD_AV_041.jpg,9,0.652,499.76,465.41,659.56,733.07,579.66,599.24
STD_FORM_FB_AD_AV_042.jpg,1,0.951,1410.72,437.2,1541.94,692.13,1476.33,564.66
STD_FORM_FB_AD_AV_042.jpg,2,0.942,1120.11,403.78,1248.26,666.36,1184.19,535.07
STD_FORM_FB_AD_AV_042.jpg,3,0.928,269.63,420.19,421.42,679.84,345.52,550.01
STD_FORM_FB_AD_AV_042.jpg,4,0.927,952.27,471.81,1091.87,745.85,1022.07,608.83
STD_FORM_FB_AD_AV_042.jpg,5,0.926,760.43,385.89,903.14,649.1,831.79,517.5
STD_FORM_FB_AD_AV_042.jpg,6,0.926,444.91,501.2,586.23,789.83,515.57,645.51
STD_FORM_FB_AD_AV_042.jpg,7,0.925,575.58,442.49,704.41,708.84,639.99,575.67
STD_FORM_FB_AD_AV_042.jpg,8,0.922,1281.2,334.02,1397.58,597.28,1339.39,465.65
STD_FORM_FB_AD_AV_043.jpg,1,0.951,271.9,451.72,406.66,661.8,339.28,556.76
STD_FORM_FB_AD_AV_043.jpg,2,0.941,1090.16,676.84,1255.5,899.75,1172.83,788.29
STD_FORM_FB_AD_AV_043.jpg,3,0.935,555.95,486.72,685.21,689.99,620.58,588.36
STD_FORM_FB_AD_AV_043.jpg,4,0.927,784.61,540.82,903.85,768.54,844.23,654.68
STD_FORM_FB_AD_AV_043.jpg,5,0.925,1225.89,488.77,1368.74,685.8,1297.32,587.29
STD_FORM_FB_AD_AV_043.jpg,6,0.919,941.66,686.58,1069.5,951.44,1005.58,819.01
STD_FORM_FB_AD_AV_044.jpg,1,0.953,1109.06,315.46,1232.1,559.65,1170.58,437.56
STD_FORM_FB_AD_AV_044.jpg,2,0.949,451.65,489.78,623.69,758.55,537.67,624.16
STD_FORM_FB_AD_AV_044.jpg,3,0.947,1556.06,386.06,1700.28,655.01,1628.17,520.54
STD_FORM_FB_AD_AV_044.jpg,4,0.93,1352.63,509.69,1496.92,784.62,1424.78,647.15
STD_FORM_FB_AD_AV_044.jpg,5,0.908,1247.95,393.18,1377.84,658.95,1312.89,526.07
STD_FORM_FB_AD_AV_044.jpg,6,0.886,922.29,550.8,1074.16,819.27,998.22,685.03
STD_FORM_FB_AD_AV_044.jpg,7,0.831,835.26,438.38,1006.69,711.2,920.98,574.79
STD_FORM_FB_AD_AV_044.jpg,8,0.71,788.56,334.42,904.29,554.87,846.42,444.64
STD_FORM_FB_AD_AV_045.jpg,1,0.945,544.34,580.99,743.9,845.11,644.12,713.05
STD_FORM_FB_AD_AV_045.jpg,2,0.932,752.6,431.49,900.39,688.43,826.49,559.96
STD_FORM_FB_AD_AV_045.jpg,3,0.932,1310.13,374.5,1442.64,625.38,1376.39,499.94
STD_FORM_FB_AD_AV_045.jpg,4,0.928,1191.77,501.98,1313.77,750.21,1252.77,626.1
STD_FORM_FB_AD_AV_045.jpg,5,0.924,1008.2,537.32,1137.58,787.99,1072.89,662.66
STD_FORM_FB_AD_AV_045.jpg,6,0.908,902.2,340.82,1035.08,572.78,968.64,456.8
STD_FORM_FB_AD_AV_045.jpg,7,0.777,1100.56,406.57,1200.56,648.32,1150.56,527.44
STD_FORM_FB_AD_AV_046.jpg,1,0.937,830.75,517.81,982.7,838.81,906.73,678.31
STD_FORM_FB_AD_AV_046.jpg,2,0.934,968.89,281.3,1111.1,565.42,1040.0,423.36
STD_FORM_FB_AD_AV_046.jpg,3,0.927,589.62,292.14,734.49,583.56,662.05,437.85
STD_FORM_FB_AD_AV_046.jpg,4,0.926,1228.29,473.19,1393.7,798.9,1310.99,636.05
STD_FORM_FB_AD_AV_046.jpg,5,0.915,484.86,514.74,630.09,837.84,557.47,676.29
STD_FORM_FB_AD_AV_046.jpg,6,0.883,283.52,315.25,429.69,610.69,356.6,462.97
STD_FORM_FB_AD_AV_046.jpg,7,0.827,1124.41,393.28,1249.78,693.71,1187.1,543.49
STD_FORM_FB_AD_AV_047.jpg,1,0.942,693.8,527.81,875.47,842.32,784.63,685.07
STD_FORM_FB_AD_AV_047.jpg,2,0.927,910.14,304.09,1054.29,570.6,982.21,437.34
STD_FORM_FB_AD_AV_047.jpg,3,0.924,1040.35,421.96,1189.21,711.56,1114.78,566.76
STD_FORM_FB_AD_AV_047.jpg,4,0.918,526.91,313.64,668.95,594.29,597.93,453.96
STD_FORM_FB_AD_AV_047.jpg,5,0.848,242.37,345.71,397.71,621.19,320.04,483.45
STD_FORM_FB_AD_AV_047.jpg,6,0.447,1175.84,521.33,1352.03,817.34,1263.94,669.33
STD_FORM_FB_AD_AV_048.jpg,1,0.944,893.41,523.42,1073.37,856.19,983.39,689.81
STD_FORM_FB_AD_AV_048.jpg,2,0.934,710.08,303.79,864.49,604.92,787.28,454.36
STD_FORM_FB_AD_AV_048.jpg,3,0.931,531.29,537.22,701.25,893.57,616.27,715.39
STD_FORM_FB_AD_AV_048.jpg,4,0.914,1288.89,498.55,1456.85,839.09,1372.87,668.82
STD_FORM_FB_AD_AV_048.jpg,5,0.871,344.53,330.09,505.48,588.2,425.01,459.14
STD_FORM_FB_AD_AV_048.jpg,6,0.827,1174.42,387.17,1320.66,679.06,1247.54,533.12
STD_FORM_FB_AD_AV_048.jpg,7,0.802,1160.39,389.76,1319.89,680.6,1240.14,535.18
STD_FORM_FB_AD_AV_048.jpg,8,0.716,1063.87,299.12,1221.64,566.25,1142.76,432.69
STD_FORM_FB_AD_AV_049.jpg,1,0.944,855.06,395.01,1025.65,696.16,940.35,545.58
STD_FORM_FB_AD_AV_049.jpg,2,0.933,1059.41,317.28,1217.47,598.76,1138.44,458.02
STD_FORM_FB_AD_AV_049.jpg,3,0.932,1497.01,319.43,1646.77,616.82,1571.89,468.12
STD_FORM_FB_AD_AV_049.jpg,4,0.931,707.73,236.58,851.39,523.95,779.56,380.27
STD_FORM_FB_AD_AV_049.jpg,5,0.869,405.51,325.06,597.16,635.51,501.34,480.29
STD_FORM_FB_AD_AV_049.jpg,6,0.802,534.33,510.51,732.39,845.29,633.36,677.9
STD_FORM_FB_AD_AV_049.jpg,7,0.552,1342.98,213.23,1469.61,480.09,1406.3,346.66
STD_FORM_FB_AD_AV_049.jpg,8,0.551,1199.19,434.57,1368.15,744.88,1283.67,589.72
STD_FORM_FB_AD_AV_050.jpg,1,0.945,1461.21,385.97,1622.0,667.19,1541.6,526.58
STD_FORM_FB_AD_AV_050.jpg,2,0.937,624.91,305.98,775.51,589.87,700.21,447.92
STD_FORM_FB_AD_AV_050.jpg,3,0.937,783.33,435.79,931.06,724.61,857.2,580.2
STD_FORM_FB_AD_AV_050.jpg,4,0.935,1171.83,477.41,1317.4,780.72,1244.62,629.06
STD_FORM_FB_AD_AV_050.jpg,5,0.932,533.08,557.01,680.61,867.1,606.84,712.05
STD_FORM_FB_AD_AV_050.jpg,6,0.928,382.91,387.26,533.05,696.78,457.98,542.02
STD_FORM_FB_AD_AV_050.jpg,7,0.92,1014.83,360.82,1157.35,646.25,1086.09,503.53
STD_FORM_FB_AD_AV_050.jpg,8,0.911,1280.37,263.74,1389.4,528.79,1334.88,396.26
STD_FORM_FB_AD_AV_051.jpg,1,0.972,928.32,650.15,1185.98,1000.4,1057.15,825.27
STD_FORM_FB_AD_AV_051.jpg,2,0.959,758.89,485.97,953.48,786.76,856.18,636.36
STD_FORM_FB_AD_AV_051.jpg,3,0.958,1191.65,538.11,1395.82,837.25,1293.73,687.68
STD_FORM_FB_AD_AV_051.jpg,4,0.955,1003.92,393.66,1180.77,650.88,1092.35,522.27
STD_FORM_FB_AD_AV_051.jpg,5,0.951,588.28,379.68,798.59,653.46,693.43,516.57
STD_FORM_FB_AD_AV_051.jpg,6,0.929,853.75,285.41,997.26,531.25,925.51,408.33
STD_FORM_FB_AD_AV_051.jpg,7,0.925,490.5,248.18,656.57,501.82,573.54,375.0
STD_FORM_FB_AD_AV_051.jpg,8,0.894,769.5,168.25,897.49,424.35,833.5,296.3
STD_FORM_FB_AD_AV_052.jpg,1,0.96,836.19,514.24,1003.42,771.02,919.81,642.63
STD_FORM_FB_AD_AV_052.jpg,2,0.954,537.19,623.22,689.97,890.49,613.58,756.86
STD_FORM_FB_AD_AV_052.jpg,3,0.945,272.78,523.66,434.89,781.35,353.84,652.5
STD_FORM_FB_AD_AV_052.jpg,4,0.938,1238.79,454.39,1380.56,690.93,1309.68,572.66
STD_FORM_FB_AD_AV_052.jpg,5,0.931,1542.16,490.86,1678.68,757.72,1610.42,624.29
STD_FORM_FB_AD_AV_052.jpg,6,0.614,566.71,447.11,708.16,660.15,637.43,553.63
STD_FORM_FB_AD_AV_053.jpg,1,0.968,1611.97,558.04,1730.65,757.81,1671.31,657.93
STD_FORM_FB_AD_AV_053.jpg,2,0.941,500.9,637.73,616.87,849.85,558.88,743.79
STD_FORM_FB_AD_AV_053.jpg,3,0.934,627.63,547.3,729.81,742.69,678.72,644.99
STD_FORM_FB_AD_AV_053.jpg,4,0.931,283.97,581.17,406.18,776.92,345.08,679.05
STD_FORM_FB_AD_AV_053.jpg,5,0.917,438.49,486.26,542.09,677.43,490.29,581.84
STD_FORM_FB_AD_AV_053.jpg,6,0.747,1412.37,443.38,1501.19,606.94,1456.78,525.16
STD_FORM_FB_AD_AV_054.jpg,1,0.946,1014.94,327.24,1122.44,501.78,1068.69,414.51
STD_FORM_FB_AD_AV_054.jpg,2,0.942,902.05,504.07,1033.38,712.96,967.71,608.51
STD_FORM_FB_AD_AV_054.jpg,3,0.939,1306.27,390.64,1432.66,575.29,1369.47,482.97
STD_FORM_FB_AD_AV_054.jpg,4,0.937,452.07,461.16,558.33,658.68,505.2,559.92
STD_FORM_FB_AD_AV_054.jpg,5,0.928,1162.72,444.17,1284.17,657.01,1223.44,550.59
STD_FORM_FB_AD_AV_054.jpg,6,0.921,577.31,365.36,678.43,552.55,627.87,458.95
STD_FORM_FB_AD_AV_054.jpg,7,0.674,659.92,523.49,779.11,728.31,719.52,625.9
STD_FORM_FB_AD_AV_055.jpg,1,0.955,292.82,423.62,533.76,740.8,413.29,582.21
STD_FORM_FB_AD_AV_055.jpg,2,0.947,1233.75,436.28,1488.44,745.68,1361.1,590.98
STD_FORM_FB_AD_AV_055.jpg,3,0.944,470.74,289.16,697.26,577.61,584.0,433.38
STD_FORM_FB_AD_AV_055.jpg,4,0.94,991.05,236.85,1172.07,534.35,1081.56,385.6
STD_FORM_FB_AD_AV_055.jpg,5,0.936,1039.33,539.14,1223.26,876.0,1131.3,707.57
STD_FORM_FB_AD_AV_055.jpg,6,0.908,833.41,362.83,1027.76,671.95,930.59,517.39
STD_FORM_FB_AD_AV_055.jpg,7,0.776,679.32,498.56,872.95,835.17,776.13,666.87
STD_FORM_FB_AD_AV_056.jpg,1,0.952,405.2,398.99,601.87,713.82,503.53,556.41
STD_FORM_FB_AD_AV_056.jpg,2,0.952,709.11,480.41,893.69,791.91,801.4,636.16
STD_FORM_FB_AD_AV_056.jpg,3,0.948,1047.81,256.27,1224.18,525.36,1135.99,390.81
STD_FORM_FB_AD_AV_056.jpg,4,0.94,895.18,389.81,1070.52,673.62,982.85,531.71
STD_FORM_FB_AD_AV_056.jpg,5,0.923,1238.57,403.14,1392.01,717.73,1315.29,560.43
STD_FORM_FB_AD_AV_056.jpg,6,0.649,1337.44,328.4,1509.61,608.58,1423.53,468.49
STD_FORM_FB_AD_AV_056.jpg,7,0.51,533.34,286.39,689.77,582.83,611.56,434.61
STD_FORM_FB_AD_AV_057.jpg,1,0.951,791.49,429.5,913.72,672.32,852.6,550.91
STD_FORM_FB_AD_AV_057.jpg,2,0.949,664.36,498.92,786.57,756.24,725.46,627.58
STD_FORM_FB_AD_AV_057.jpg,3,0.943,1163.91,406.58,1269.63,644.56,1216.77,525.57
STD_FORM_FB_AD_AV_057.jpg,4,0.938,1043.47,464.44,1159.55,709.53,1101.51,586.98
STD_FORM_FB_AD_AV_057.jpg,5,0.937,243.87,519.64,382.18,780.88,313.02,650.26
STD_FORM_FB_AD_AV_057.jpg,6,0.934,1506.9,399.85,1624.95,627.38,1565.93,513.62
STD_FORM_FB_AD_AV_057.jpg,7,0.932,378.37,455.06,488.6,714.09,433.49,584.58
STD_FORM_FB_AD_AV_057.jpg,8,0.925,1367.87,428.42,1489.87,678.13,1428.87,553.27
STD_FORM_FB_AD_AV_058.jpg,1,0.955,1031.0,321.51,1177.26,576.61,1104.13,449.06
STD_FORM_FB_AD_AV_058.jpg,2,0.951,1537.25,289.41,1687.47,536.16,1612.36,412.78
STD_FORM_FB_AD_AV_058.jpg,3,0.95,815.46,351.23,950.11,617.29,882.78,484.26
STD_FORM_FB_AD_AV_058.jpg,4,0.95,1366.41,263.9,1498.1,523.96,1432.26,393.93
STD_FORM_FB_AD_AV_058.jpg,5,0.945,180.85,386.93,346.02,645.11,263.43,516.02
STD_FORM_FB_AD_AV_058.jpg,6,0.942,379.24,367.76,539.12,635.71,459.18,501.73
STD_FORM_FB_AD_AV_058.jpg,7,0.941,1214.01,313.23,1350.53,572.84,1282.27,443.03
STD_FORM_FB_AD_AV_058.jpg,8,0.812,614.0,353.87,761.99,605.32,687.99,479.6
STD_FORM_FB_AD_AV_059.jpg,1,0.958,552.18,493.81,686.98,773.19,619.58,633.5
STD_FORM_FB_AD_AV_059.jpg,2,0.946,1137.8,385.12,1263.24,656.77,1200.52,520.94
STD_FORM_FB_AD_AV_059.jpg,3,0.939,313.86,467.3,441.89,748.25,377.88,607.78
STD_FORM_FB_AD_AV_059.jpg,4,0.935,717.6,422.45,850.85,705.25,784.23,563.85
STD_FORM_FB_AD_AV_059.jpg,5,0.92,1686.93,373.98,1819.62,645.7,1753.27,509.84
STD_FORM_FB_AD_AV_059.jpg,6,0.917,1391.04,406.98,1512.01,688.36,1451.52,547.67
STD_FORM_FB_AD_AV_059.jpg,7,0.916,971.36,454.41,1111.31,738.28,1041.33,596.34
STD_FORM_FB_AD_AV_059.jpg,8,0.895,1496.49,342.0,1609.73,634.4,1553.11,488.2
STD_FORM_FB_AD_AV_060.jpg,1,0.956,1080.43,389.68,1201.43,637.01,1140.93,513.35
STD_FORM_FB_AD_AV_060.jpg,2,0.954,799.4,450.65,940.54,712.37,869.97,581.51
STD_FORM_FB_AD_AV_060.jpg,3,0.95,926.64,365.87,1060.55,607.55,993.59,486.71
STD_FORM_FB_AD_AV_060.jpg,4,0.948,295.0,552.65,470.13,848.74,382.56,700.7
STD_FORM_FB_AD_AV_060.jpg,5,0.942,1368.98,251.48,1497.84,487.47,1433.41,369.48
STD_FORM_FB_AD_AV_060.jpg,6,0.936,1210.15,301.65,1351.66,549.31,1280.9,425.48
STD_FORM_FB_AD_AV_060.jpg,7,0.886,608.33,525.15,768.3,808.85,688.31,667.0
STD_FORM_FB_AD_AV_060.jpg,8,0.773,497.57,467.75,662.57,729.73,580.07,598.74
STD_FORM_FB_AD_AV_061.jpg,1,0.941,741.79,538.45,918.39,858.12,830.09,698.28
STD_FORM_FB_AD_AV_061.jpg,2,0.928,604.02,444.24,746.55,748.38,675.28,596.31
STD_FORM_FB_AD_AV_061.jpg,3,0.914,962.53,397.72,1128.37,705.49,1045.45,551.6
STD_FORM_FB_AD_AV_061.jpg,4,0.907,894.03,311.97,1015.95,596.3,954.99,454.14
STD_FORM_FB_AD_AV_061.jpg,5,0.882,291.98,445.64,456.47,753.65,374.22,599.64
STD_FORM_FB_AD_AV_061.jpg,6,0.856,519.63,328.49,648.56,617.28,584.09,472.89
STD_FORM_FB_AD_AV_061.jpg,7,0.72,1293.04,301.72,1435.48,573.49,1364.26,437.61
STD_FORM_FB_AD_AV_061.jpg,8,0.706,385.03,557.17,557.44,901.55,471.23,729.36
STD_FORM_FB_AD_AV_062.jpg,1,0.953,333.91,312.83,513.56,581.21,423.73,447.02
STD_FORM_FB_AD_AV_062.jpg,2,0.945,554.92,368.61,725.19,666.76,640.06,517.69
STD_FORM_FB_AD_AV_062.jpg,3,0.945,838.12,272.31,967.11,523.64,902.62,397.98
STD_FORM_FB_AD_AV_062.jpg,4,0.936,1268.0,346.63,1408.65,607.21,1338.33,476.92
STD_FORM_FB_AD_AV_062.jpg,5,0.93,969.29,168.59,1073.28,388.36,1021.29,278.48
STD_FORM_FB_AD_AV_062.jpg,6,0.922,969.62,384.77,1104.3,634.07,1036.96,509.42
STD_FORM_FB_AD_AV_063.jpg,1,0.966,1040.97,384.85,1276.67,631.26,1158.82,508.05
STD_FORM_FB_AD_AV_063.jpg,2,0.962,542.36,400.1,775.19,674.85,658.77,537.47
STD_FORM_FB_AD_AV_063.jpg,3,0.959,1280.56,290.19,1479.91,530.26,1380.23,410.22
STD_FORM_FB_AD_AV_063.jpg,4,0.959,614.1,193.31,789.69,424.91,701.9,309.11
STD_FORM_FB_AD_AV_063.jpg,5,0.957,836.26,566.4,1068.92,826.71,952.59,696.55
STD_FORM_FB_AD_AV_063.jpg,6,0.953,1062.63,167.94,1243.18,400.34,1152.91,284.14
STD_FORM_FB_AD_AV_063.jpg,7,0.952,842.07,273.94,1044.58,524.01,943.32,398.97
STD_FORM_FB_AD_AV_063.jpg,8,0.947,833.6,84.47,993.86,318.74,913.73,201.61
STD_FORM_FB_AD_AV_064.jpg,1,0.959,803.42,375.63,973.7,615.7,888.56,495.66
STD_FORM_FB_AD_AV_064.jpg,2,0.957,1046.21,504.85,1259.36,762.52,1152.78,633.69
STD_FORM_FB_AD_AV_064.jpg,3,0.944,1235.59,366.42,1416.24,596.34,1325.91,481.38
STD_FORM_FB_AD_AV_064.jpg,4,0.943,812.26,672.12,1025.84,933.26,919.05,802.69
STD_FORM_FB_AD_AV_064.jpg,5,0.939,521.73,515.69,726.47,793.5,624.1,654.6
STD_FORM_FB_AD_AV_064.jpg,6,0.929,568.73,314.37,743.62,536.44,656.18,425.4
STD_FORM_FB_AD_AV_064.jpg,7,0.828,794.67,189.82,938.06,412.79,866.36,301.31
STD_FORM_FB_AD_AV_064.jpg,8,0.445,1000.9,272.76,1174.81,500.44,1087.86,386.6
STD_FORM_FB_AD_AV_064.jpg,9,0.415,1001.28,271.88,1174.79,500.58,1088.04,386.23
STD_FORM_FB_AD_AV_065.jpg,1,0.963,405.15,340.59,562.7,581.02,483.92,460.81
STD_FORM_FB_AD_AV_065.jpg,2,0.956,663.49,319.79,822.24,569.02,742.87,444.4
STD_FORM_FB_AD_AV_065.jpg,3,0.952,1018.01,332.87,1166.7,592.3,1092.35,462.59
STD_FORM_FB_AD_AV_065.jpg,4,0.937,878.68,330.96,1010.69,576.17,944.69,453.56
STD_FORM_FB_AD_AV_065.jpg,5,0.926,1466.29,382.77,1602.06,648.73,1534.18,515.75
STD_FORM_FB_AD_AV_065.jpg,6,0.921,183.16,339.69,346.79,587.98,264.97,463.84
STD_FORM_FB_AD_AV_065.jpg,7,0.92,1209.06,357.18,1349.77,608.15,1279.42,482.66
STD_FORM_FB_AD_AV_065.jpg,8,0.643,1361.68,344.52,1486.65,611.15,1424.17,477.84
STD_FORM_FB_AD_AV_066.jpg,1,0.953,1272.28,355.86,1397.35,572.49,1334.81,464.18
STD_FORM_FB_AD_AV_066.jpg,2,0.941,598.75,345.03,733.1,569.14,665.92,457.08
STD_FORM_FB_AD_AV_066.jpg,3,0.941,776.03,357.38,918.9,563.86,847.46,460.62
STD_FORM_FB_AD_AV_066.jpg,4,0.938,995.49,357.22,1117.22,585.8,1056.36,471.51
STD_FORM_FB_AD_AV_066.jpg,5,0.932,1470.93,368.37,1620.11,574.67,1545.52,471.52
STD_FORM_FB_AD_AV_066.jpg,6,0.911,379.11,366.51,512.32,557.19,445.71,461.85
STD_FORM_FB_AD_AV_066.jpg,7,0.879,1107.55,366.59,1214.54,566.19,1161.05,466.39
STD_FORM_FB_AD_AV_066.jpg,8,0.691,223.68,362.33,360.49,581.66,292.08,471.99
STD_FORM_FB_AD_AV_066.jpg,9,0.506,224.46,362.16,359.24,584.63,291.85,473.4
STD_FORM_FB_AD_AV_067.jpg,1,0.939,1103.99,382.66,1248.96,607.1,1176.47,494.88
STD_FORM_FB_AD_AV_067.jpg,2,0.938,626.87,362.11,757.56,580.33,692.21,471.22
STD_FORM_FB_AD_AV_067.jpg,3,0.924,1525.59,368.97,1665.81,567.24,1595.7,468.1
STD_FORM_FB_AD_AV_067.jpg,4,0.921,347.71,392.11,455.1,606.6,401.4,499.36
STD_FORM_FB_AD_AV_067.jpg,5,0.904,820.59,366.92,954.84,556.64,887.71,461.78
STD_FORM_FB_AD_AV_067.jpg,6,0.666,443.75,379.9,566.62,561.91,505.19,470.91
STD_FORM_FB_AD_AV_067.jpg,7,0.596,1324.52,377.48,1452.5,594.83,1388.51,486.15
STD_FORM_FB_AD_AV_068.jpg,1,0.94,1101.76,285.26,1216.52,521.08,1159.14,403.17
STD_FORM_FB_AD_AV_068.jpg,2,0.938,1253.06,322.1,1410.83,570.86,1331.95,446.48
STD_FORM_FB_AD_AV_068.jpg,3,0.932,1557.71,369.86,1727.06,601.53,1642.39,485.7
STD_FORM_FB_AD_AV_068.jpg,4,0.927,519.35,386.07,626.76,608.78,573.05,497.42
STD_FORM_FB_AD_AV_068.jpg,5,0.847,405.12,337.4,516.01,577.29,460.56,457.35
STD_FORM_FB_AD_AV_068.jpg,6,0.74,940.37,321.37,1075.03,552.77,1007.7,437.07
STD_FORM_FB_AD_AV_068.jpg,7,0.501,762.4,363.97,929.15,595.5,845.77,479.74
STD_FORM_FB_AD_AV_069.jpg,1,0.944,556.93,112.45,667.29,307.2,612.11,209.82
STD_FORM_FB_AD_AV_069.jpg,2,0.943,1019.66,174.98,1143.96,389.64,1081.81,282.31
STD_FORM_FB_AD_AV_069.jpg,3,0.94,870.35,250.31,1002.49,470.88,936.42,360.6
STD_FORM_FB_AD_AV_069.jpg,4,0.935,695.56,43.02,791.33,197.75,743.44,120.38
STD_FORM_FB_AD_AV_069.jpg,5,0.931,707.33,191.19,823.18,385.35,765.25,288.27
STD_FORM_FB_AD_AV_069.jpg,6,0.916,1138.67,380.34,1288.65,612.03,1213.66,496.18
STD_FORM_FB_AD_AV_069.jpg,7,0.915,848.63,98.54,942.82,267.8,895.72,183.17
STD_FORM_FB_AD_AV_069.jpg,8,0.629,1280.49,233.88,1412.84,456.19,1346.66,345.04
STD_FORM_FB_AD_AV_070.jpg,1,0.954,650.58,454.47,872.65,771.19,761.61,612.83
STD_FORM_FB_AD_AV_070.jpg,2,0.952,1126.24,581.5,1358.76,908.63,1242.5,745.07
STD_FORM_FB_AD_AV_070.jpg,3,0.946,137.5,307.78,351.53,599.93,244.52,453.86
STD_FORM_FB_AD_AV_070.jpg,4,0.944,911.79,303.86,1096.37,586.77,1004.08,445.31
STD_FORM_FB_AD_AV_070.jpg,5,0.934,266.81,161.2,400.6,351.06,333.71,256.13
STD_FORM_FB_AD_AV_070.jpg,6,0.932,675.06,216.37,825.98,440.79,750.52,328.58
STD_FORM_FB_AD_AV_070.jpg,7,0.774,369.75,436.8,585.81,730.13,477.78,583.47
STD_FORM_FB_AD_AV_070.jpg,8,0.525,424.56,161.38,561.98,402.57,493.27,281.98
STD_FORM_FB_AD_AV_071.jpg,1,0.959,514.18,333.74,698.89,582.88,606.53,458.31
STD_FORM_FB_AD_AV_071.jpg,2,0.958,1424.88,568.35,1638.6,833.49,1531.74,700.92
STD_FORM_FB_AD_AV_071.jpg,3,0.958,1039.93,446.98,1229.12,734.05,1134.53,590.52
STD_FORM_FB_AD_AV_071.jpg,4,0.958,836.76,253.31,955.1,471.87,895.93,362.59
STD_FORM_FB_AD_AV_071.jpg,5,0.955,1235.2,319.72,1413.98,563.78,1324.59,441.75
STD_FORM_FB_AD_AV_071.jpg,6,0.952,670.2,180.42,776.74,367.3,723.47,273.86
STD_FORM_FB_AD_AV_071.jpg,7,0.951,710.28,457.95,875.71,726.11,793.0,592.03
STD_FORM_FB_AD_AV_071.jpg,8,0.941,966.43,225.58,1094.08,419.57,1030.25,322.58
STD_FORM_FB_AD_AV_072.jpg,1,0.956,543.82,194.87,701.19,403.75,622.51,299.31
STD_FORM_FB_AD_AV_072.jpg,2,0.956,461.83,461.82,684.9,833.71,573.36,647.76
STD_FORM_FB_AD_AV_072.jpg,3,0.954,221.63,460.88,424.41,767.71,323.02,614.3
STD_FORM_FB_AD_AV_072.jpg,4,0.953,779.12,422.02,962.61,758.87,870.87,590.45
STD_FORM_FB_AD_AV_072.jpg,5,0.947,720.48,160.93,900.64,383.25,810.56,272.09
STD_FORM_FB_AD_AV_072.jpg,6,0.897,329.09,280.85,466.04,526.85,397.57,403.85
STD_FORM_FB_AD_AV_072.jpg,7,0.788,918.19,232.25,1086.64,563.02,1002.42,397.63
STD_FORM_FB_AD_AV_073.jpg,1,0.957,503.69,355.45,734.52,713.59,619.1,534.52
STD_FORM_FB_AD_AV_073.jpg,2,0.952,761.92,63.15,935.55,284.41,848.73,173.78
STD_FORM_FB_AD_AV_073.jpg,3,0.945,767.33,413.53,967.15,765.72,867.24,589.62
STD_FORM_FB_AD_AV_073.jpg,4,0.939,945.2,96.49,1095.58,325.48,1020.39,210.99
STD_FORM_FB_AD_AV_073.jpg,5,0.908,1092.53,195.28,1216.17,483.29,1154.35,339.28
STD_FORM_FB_AD_AV_073.jpg,6,0.812,534.68,180.82,686.71,388.09,610.7,284.45
STD_FORM_FB_AD_AV_073.jpg,7,0.764,1032.44,374.4,1194.51,765.8,1113.47,570.1
STD_FORM_FB_AD_AV_074.jpg,1,0.956,1106.15,177.58,1247.19,407.21,1176.67,292.4
STD_FORM_FB_AD_AV_074.jpg,2,0.952,412.78,464.3,675.51,747.55,544.15,605.92
STD_FORM_FB_AD_AV_074.jpg,3,0.952,846.42,597.9,1076.21,916.63,961.32,757.26
STD_FORM_FB_AD_AV_074.jpg,4,0.938,490.43,164.26,632.94,423.84,561.68,294.05
STD_FORM_FB_AD_AV_074.jpg,5,0.934,867.89,112.68,989.76,336.74,928.82,224.71
STD_FORM_FB_AD_AV_074.jpg,6,0.927,699.35,271.89,846.79,506.59,773.07,389.24
STD_FORM_FB_AD_AV_074.jpg,7,0.925,641.03,76.12,749.42,271.03,695.22,173.58
STD_FORM_FB_AD_AV_074.jpg,8,0.923,986.74,335.39,1171.65,610.54,1079.2,472.97
STD_FORM_FB_AD_AV_075.jpg,1,0.94,1038.05,406.02,1194.23,618.98,1116.14,512.5
STD_FORM_FB_AD_AV_075.jpg,2,0.873,560.08,578.71,799.48,870.35,679.78,724.53
STD_FORM_FB_AD_AV_075.jpg,3,0.865,792.83,435.96,992.81,680.16,892.82,558.06
STD_FORM_FB_AD_AV_075.jpg,4,0.859,336.33,514.81,528.97,762.06,432.65,638.44
STD_FORM_FB_AD_AV_075.jpg,5,0.798,1164.4,311.83,1298.43,500.68,1231.42,406.26
STD_FORM_FB_AD_AV_075.jpg,6,0.788,1373.11,441.65,1569.99,686.7,1471.55,564.18
STD_FORM_FB_AD_AV_075.jpg,7,0.659,1849.19,333.22,1919.97,507.99,1884.58,420.61
STD_FORM_FB_AD_AV_075.jpg,8,0.568,0.0,506.24,49.96,762.86,24.98,634.55
STD_FORM_FB_AD_AV_076.jpg,1,0.934,1015.01,473.79,1223.67,713.76,1119.34,593.78
STD_FORM_FB_AD_AV_076.jpg,2,0.92,538.2,644.54,751.75,933.56,644.97,789.05
STD_FORM_FB_AD_AV_076.jpg,3,0.91,304.16,596.63,519.33,828.01,411.75,712.32
STD_FORM_FB_AD_AV_076.jpg,4,0.89,1345.58,537.85,1578.08,797.31,1461.83,667.58
STD_FORM_FB_AD_AV_076.jpg,5,0.813,1836.31,462.2,1919.86,621.27,1878.09,541.74
STD_FORM_FB_AD_AV_077.jpg,1,0.956,353.32,501.92,561.31,770.44,457.32,636.18
STD_FORM_FB_AD_AV_077.jpg,2,0.933,1050.73,427.11,1177.31,659.02,1114.02,543.07
STD_FORM_FB_AD_AV_077.jpg,3,0.925,1355.83,457.55,1495.73,726.66,1425.78,592.11
STD_FORM_FB_AD_AV_077.jpg,4,0.902,610.62,541.81,800.1,881.18,705.36,711.5
STD_FORM_FB_AD_AV_077.jpg,5,0.897,796.11,442.85,957.08,708.43,876.6,575.64
STD_FORM_FB_AD_AV_078.jpg,1,0.948,553.53,554.7,758.02,879.38,655.78,717.04
STD_FORM_FB_AD_AV_078.jpg,2,0.94,820.97,432.11,987.54,707.38,904.26,569.74
STD_FORM_FB_AD_AV_078.jpg,3,0.937,349.77,482.47,505.82,740.06,427.79,611.26
STD_FORM_FB_AD_AV_078.jpg,4,0.923,1497.44,486.93,1671.2,767.51,1584.32,627.22
STD_FORM_FB_AD_AV_078.jpg,5,0.915,1131.73,418.55,1286.87,656.45,1209.3,537.5
STD_FORM_FB_AD_AV_078.jpg,6,0.819,1272.12,342.5,1380.46,553.96,1326.29,448.23
STD_FORM_FB_AD_AV_078.jpg,7,0.602,1850.43,397.1,1920.0,569.27,1885.21,483.19
STD_FORM_FB_AD_AV_079.jpg,1,0.927,856.13,412.41,991.15,668.04,923.64,540.22
STD_FORM_FB_AD_AV_079.jpg,2,0.922,1126.05,392.26,1243.32,619.88,1184.68,506.07
STD_FORM_FB_AD_AV_079.jpg,3,0.922,1255.47,321.35,1354.34,513.9,1304.9,417.63
STD_FORM_FB_AD_AV_079.jpg,4,0.913,343.08,467.38,467.2,701.52,405.14,584.45
STD_FORM_FB_AD_AV_079.jpg,5,0.808,576.95,538.61,734.37,819.25,655.66,678.93
STD_FORM_FB_AD_AV_079.jpg,6,0.769,1835.2,331.34,1919.75,534.7,1877.48,433.02
STD_FORM_FB_AD_AV_079.jpg,7,0.746,1473.54,463.31,1608.04,716.02,1540.79,589.66
STD_FORM_FB_AD_AV_079.jpg,8,0.634,0.08,485.63,73.58,807.4,36.83,646.51
STD_FORM_FB_AD_AV_079.jpg,9,0.413,1474.36,462.75,1606.76,716.16,1540.56,589.45
STD_FORM_FB_AD_AV_080.jpg,1,0.941,887.95,413.75,995.59,648.23,941.77,530.99
STD_FORM_FB_AD_AV_080.jpg,2,0.921,624.53,507.8,754.77,762.96,689.65,635.38
STD_FORM_FB_AD_AV_080.jpg,3,0.918,1427.01,423.65,1548.84,668.68,1487.93,546.17
STD_FORM_FB_AD_AV_080.jpg,4,0.898,1098.51,386.15,1205.67,600.82,1152.09,493.48
STD_FORM_FB_AD_AV_080.jpg,5,0.866,1221.98,328.2,1310.62,507.46,1266.3,417.83
STD_FORM_FB_AD_AV_080.jpg,6,0.722,0.13,562.43,74.39,852.41,37.26,707.42
STD_FORM_FB_AD_AV_080.jpg,7,0.656,376.95,458.72,508.25,680.73,442.6,569.73
STD_FORM_FB_AD_AV_080.jpg,8,0.555,1862.22,379.2,1920.0,541.84,1891.11,460.52
STD_FORM_FB_AD_AV_081.jpg,1,0.951,370.54,496.71,495.23,718.86,432.88,607.79
STD_FORM_FB_AD_AV_081.jpg,2,0.922,580.59,405.67,689.77,631.44,635.18,518.55
STD_FORM_FB_AD_AV_081.jpg,3,0.92,706.91,526.61,852.58,786.37,779.75,656.49
STD_FORM_FB_AD_AV_081.jpg,4,0.916,1368.18,382.7,1507.38,618.14,1437.78,500.42
STD_FORM_FB_AD_AV_081.jpg,5,0.909,945.5,444.72,1075.78,690.74,1010.64,567.73
STD_FORM_FB_AD_AV_081.jpg,6,0.824,1204.11,318.6,1312.44,491.71,1258.28,405.15
STD_FORM_FB_AD_AV_081.jpg,7,0.76,1848.49,367.04,1919.76,554.14,1884.13,460.59
STD_FORM_FB_AD_AV_082.jpg,1,0.947,347.28,564.05,518.41,794.33,432.84,679.19
STD_FORM_FB_AD_AV_082.jpg,2,0.931,823.99,590.89,986.15,865.32,905.07,728.1
STD_FORM_FB_AD_AV_082.jpg,3,0.928,1358.62,347.09,1463.63,533.27,1411.12,440.18
STD_FORM_FB_AD_AV_082.jpg,4,0.921,1110.44,496.22,1267.62,736.26,1189.03,616.24
STD_FORM_FB_AD_AV_082.jpg,5,0.838,703.13,451.25,851.91,677.23,777.52,564.24
STD_FORM_FB_AD_AV_082.jpg,6,0.804,843.52,394.33,951.9,580.08,897.71,487.2
STD_FORM_FB_AD_AV_083.jpg,1,0.961,766.67,694.69,1023.26,1045.59,894.96,870.14
STD_FORM_FB_AD_AV_083.jpg,2,0.959,1236.07,369.56,1420.52,610.57,1328.29,490.07
STD_FORM_FB_AD_AV_083.jpg,3,0.954,783.75,421.31,989.96,667.97,886.86,544.64
STD_FORM_FB_AD_AV_083.jpg,4,0.945,1020.41,330.52,1195.97,568.96,1108.19,449.74
STD_FORM_FB_AD_AV_083.jpg,5,0.938,1536.63,170.73,1643.59,353.91,1590.11,262.32
STD_FORM_FB_AD_AV_083.jpg,6,0.92,1425.77,304.13,1573.29,519.96,1499.53,412.04
STD_FORM_FB_AD_AV_083.jpg,7,0.915,1204.75,207.02,1351.01,394.55,1277.88,300.79
STD_FORM_FB_AD_AV_083.jpg,8,0.913,898.81,225.56,1047.43,426.43,973.12,326.0
STD_FORM_FB_AD_AV_086.jpg,1,0.932,1055.55,317.4,1177.13,547.65,1116.34,432.53
STD_FORM_FB_AD_AV_086.jpg,2,0.931,1485.2,384.81,1652.14,696.19,1568.67,540.5
STD_FORM_FB_AD_AV_086.jpg,3,0.928,1345.29,327.24,1483.36,589.75,1414.33,458.49
STD_FORM_FB_AD_AV_086.jpg,4,0.925,379.13,517.54,570.37,813.75,474.75,665.64
STD_FORM_FB_AD_AV_086.jpg,5,0.915,812.89,336.35,954.8,567.35,883.84,451.85
STD_FORM_FB_AD_AV_086.jpg,6,0.892,1211.13,316.09,1331.76,571.01,1271.45,443.55
STD_FORM_FB_AD_AV_086.jpg,7,0.865,647.15,371.58,775.15,610.49,711.15,491.03
STD_FORM_FB_AD_AV_086.jpg,8,0.753,1828.66,310.16,1920.0,492.25,1874.33,401.21
STD_FORM_FB_AD_AV_087.jpg,1,0.937,410.16,511.82,548.07,774.38,479.12,643.1
STD_FORM_FB_AD_AV_087.jpg,2,0.93,1291.84,328.38,1412.54,565.4,1352.19,446.89
STD_FORM_FB_AD_AV_087.jpg,3,0.928,962.27,348.6,1062.73,559.31,1012.5,453.95
STD_FORM_FB_AD_AV_087.jpg,4,0.909,1101.95,340.52,1206.18,561.25,1154.06,450.89
STD_FORM_FB_AD_AV_087.jpg,5,0.907,834.36,349.38,936.28,555.3,885.32,452.34
STD_FORM_FB_AD_AV_087.jpg,6,0.889,1453.08,385.99,1577.02,647.13,1515.05,516.56
STD_FORM_FB_AD_AV_087.jpg,7,0.805,521.43,449.9,627.59,686.34,574.51,568.12
STD_FORM_FB_AD_AV_087.jpg,8,0.783,673.14,374.62,786.45,597.43,729.8,486.03
STD_FORM_FB_AD_AV_087.jpg,9,0.649,1840.1,351.96,1919.98,507.42,1880.04,429.69
STD_FORM_FB_AD_AV_089.jpg,1,0.931,1611.2,368.09,1748.89,626.33,1680.04,497.21
STD_FORM_FB_AD_AV_089.jpg,2,0.921,864.7,438.19,1022.86,695.03,943.78,566.61
STD_FORM_FB_AD_AV_089.jpg,3,0.921,1040.32,379.51,1158.87,650.77,1099.59,515.14
STD_FORM_FB_AD_AV_089.jpg,4,0.915,331.78,504.71,458.56,714.57,395.17,609.64
STD_FORM_FB_AD_AV_089.jpg,5,0.912,1210.85,408.95,1357.84,663.5,1284.34,536.22
STD_FORM_FB_AD_AV_089.jpg,6,0.863,526.0,453.99,643.12,722.88,584.56,588.43
STD_FORM_FB_AD_AV_089.jpg,7,0.81,1354.77,413.75,1460.21,622.19,1407.49,517.97
STD_FORM_FB_AD_AV_089.jpg,8,0.776,713.11,451.95,823.5,694.39,768.3,573.17
STD_FORM_FB_AD_AV_089.jpg,9,0.738,709.17,425.38,822.57,695.35,765.87,560.37
STD_FORM_FB_AD_AV_090.jpg,1,0.941,709.84,391.95,823.2,669.08,766.52,530.51
STD_FORM_FB_AD_AV_090.jpg,2,0.936,1030.06,371.17,1136.9,621.68,1083.48,496.43
STD_FORM_FB_AD_AV_090.jpg,3,0.936,1629.36,377.31,1765.28,640.86,1697.32,509.08
STD_FORM_FB_AD_AV_090.jpg,4,0.928,365.02,433.49,484.59,691.03,424.81,562.26
STD_FORM_FB_AD_AV_090.jpg,5,0.895,522.89,472.98,698.96,745.22,610.93,609.1
STD_FORM_FB_AD_AV_090.jpg,6,0.885,1259.43,417.32,1409.61,670.37,1334.52,543.84
STD_FORM_FB_AD_AV_090.jpg,7,0.538,897.38,455.07,1036.25,719.97,966.82,587.52
STD_FORM_FB_AD_AV_091.jpg,1,0.95,860.43,442.07,1021.44,698.55,940.94,570.31
STD_FORM_FB_AD_AV_091.jpg,2,0.941,743.49,412.87,864.63,643.55,804.06,528.21
STD_FORM_FB_AD_AV_091.jpg,3,0.937,1048.51,366.11,1171.69,602.19,1110.1,484.15
STD_FORM_FB_AD_AV_091.jpg,4,0.932,1305.23,406.38,1443.03,660.38,1374.13,533.38
STD_FORM_FB_AD_AV_091.jpg,5,0.932,502.35,473.69,663.27,755.43,582.81,614.56
STD_FORM_FB_AD_AV_091.jpg,6,0.927,1639.12,369.07,1776.22,620.37,1707.67,494.72
STD_FORM_FB_AD_AV_091.jpg,7,0.912,401.63,437.07,505.47,685.01,453.55,561.04
STD_FORM_FB_AD_AV_091.jpg,8,0.471,1861.52,326.01,1920.0,505.3,1890.76,415.65
STD_FORM_FB_AD_AV_092.jpg,1,0.938,1000.52,387.95,1124.01,626.36,1062.26,507.15
STD_FORM_FB_AD_AV_092.jpg,2,0.937,747.79,437.24,865.21,676.44,806.5,556.84
STD_FORM_FB_AD_AV_092.jpg,3,0.919,1352.2,367.65,1480.21,592.08,1416.2,479.86
STD_FORM_FB_AD_AV_092.jpg,4,0.918,424.53,473.08,564.94,704.39,494.74,588.73
STD_FORM_FB_AD_AV_092.jpg,5,0.911,571.82,465.75,673.47,723.1,622.64,594.42
STD_FORM_FB_AD_AV_092.jpg,6,0.907,1546.1,366.63,1647.95,603.39,1597.02,485.01
STD_FORM_FB_AD_AV_092.jpg,7,0.882,876.82,434.51,972.42,673.54,924.62,554.02
STD_FORM_FB_AD_AV_092.jpg,8,0.667,1871.5,391.03,1919.99,561.34,1895.75,476.18
STD_FORM_FB_AD_AV_092.jpg,9,0.58,1245.08,400.96,1336.49,637.49,1290.78,519.22
STD_FORM_FB_AD_AV_092.jpg,10,0.526,0.0,515.61,57.25,697.56,28.63,606.58
STD_FORM_FB_AD_AV_093.jpg,1,0.952,823.67,408.35,935.98,643.2,879.83,525.78
STD_FORM_FB_AD_AV_093.jpg,2,0.944,1227.79,390.59,1361.78,620.42,1294.79,505.51
STD_FORM_FB_AD_AV_093.jpg,3,0.943,1523.09,353.59,1643.28,576.25,1583.19,464.92
STD_FORM_FB_AD_AV_093.jpg,4,0.941,1380.05,344.85,1507.16,600.56,1443.61,472.7
STD_FORM_FB_AD_AV_093.jpg,5,0.931,293.31,473.26,460.0,734.62,376.65,603.94
STD_FORM_FB_AD_AV_093.jpg,6,0.927,668.66,431.61,793.55,695.43,731.1,563.52
STD_FORM_FB_AD_AV_093.jpg,7,0.919,495.2,451.83,616.5,717.24,555.85,584.54
STD_FORM_FB_AD_AV_093.jpg,8,0.907,1018.8,383.28,1140.87,648.96,1079.83,516.12
STD_FORM_FB_AD_AV_093.jpg,9,0.814,1839.79,332.09,1919.8,514.56,1879.8,423.33
STD_FORM_FB_AD_AV_094.jpg,1,0.95,456.1,392.61,644.54,673.02,550.32,532.81
STD_FORM_FB_AD_AV_094.jpg,2,0.932,665.48,496.46,895.87,834.59,780.67,665.52
STD_FORM_FB_AD_AV_094.jpg,3,0.929,124.59,564.32,359.79,907.99,242.19,736.15
STD_FORM_FB_AD_AV_094.jpg,4,0.908,1349.24,293.91,1462.43,549.77,1405.84,421.84
STD_FORM_FB_AD_AV_094.jpg,5,0.899,1161.09,412.6,1362.49,745.61,1261.79,579.11
STD_FORM_FB_AD_AV_094.jpg,6,0.605,826.73,368.05,992.25,637.0,909.49,502.53
STD_FORM_FB_AD_AV_111.jpg,1,0.96,993.93,578.36,1200.61,887.65,1097.27,733.01
STD_FORM_FB_AD_AV_111.jpg,2,0.955,431.89,576.64,623.92,852.64,527.9,714.64
STD_FORM_FB_AD_AV_111.jpg,3,0.945,726.68,507.54,957.14,772.64,841.91,640.09
STD_FORM_FB_AD_AV_111.jpg,4,0.943,531.86,383.71,706.6,652.26,619.23,517.98
STD_FORM_FB_AD_AV_111.jpg,5,0.928,374.32,279.94,516.52,544.93,445.42,412.44
STD_FORM_FB_AD_AV_111.jpg,6,0.926,789.72,289.5,972.28,546.26,881.0,417.88
STD_FORM_FB_AD_AV_111.jpg,7,0.924,303.3,458.45,441.94,728.19,372.62,593.32
STD_FORM_FB_AD_AV_111.jpg,8,0.63,1046.92,360.6,1223.14,643.52,1135.03,502.06
STD_FORM_FB_AD_AV_112.jpg,1,0.966,1034.2,372.24,1278.62,789.2,1156.41,580.72
STD_FORM_FB_AD_AV_112.jpg,2,0.965,395.36,321.46,630.08,738.61,512.72,530.04
STD_FORM_FB_AD_AV_112.jpg,3,0.962,637.77,480.07,891.85,894.02,764.81,687.05
STD_FORM_FB_AD_AV_112.jpg,4,0.959,813.38,215.07,1010.37,587.81,911.88,401.44
STD_FORM_FB_AD_AV_112.jpg,5,0.956,1324.17,462.66,1589.16,902.94,1456.67,682.8
STD_FORM_FB_AD_AV_112.jpg,6,0.944,575.47,122.28,756.83,499.82,666.15,311.05
STD_FORM_FB_AD_AV_112.jpg,7,0.897,1180.77,125.63,1345.36,494.95,1263.07,310.29
STD_FORM_FB_AD_AV_112.jpg,8,0.894,1418.77,240.2,1619.19,610.82,1518.98,425.51
STD_FORM_FB_AD_AV_113.jpg,1,0.966,1297.83,501.33,1594.98,969.49,1446.4,735.41
STD_FORM_FB_AD_AV_113.jpg,2,0.966,299.94,373.06,581.03,772.82,440.48,572.94
STD_FORM_FB_AD_AV_113.jpg,3,0.965,1005.03,420.88,1255.22,828.57,1130.13,624.73
STD_FORM_FB_AD_AV_113.jpg,4,0.965,582.56,520.4,875.04,927.84,728.8,724.12
STD_FORM_FB_AD_AV_113.jpg,5,0.963,510.58,176.41,725.66,534.15,618.12,355.28
STD_FORM_FB_AD_AV_113.jpg,6,0.961,729.92,268.42,981.87,629.74,855.9,449.08
STD_FORM_FB_AD_AV_113.jpg,7,0.904,1118.37,175.91,1327.03,526.59,1222.7,351.25
STD_FORM_FB_AD_AV_114.jpg,1,0.961,298.07,374.06,580.3,762.3,439.19,568.18
STD_FORM_FB_AD_AV_114.jpg,2,0.958,738.39,263.75,958.45,631.19,848.42,447.47
STD_FORM_FB_AD_AV_114.jpg,3,0.955,1316.23,499.69,1525.96,945.55,1421.09,722.62
STD_FORM_FB_AD_AV_114.jpg,4,0.954,965.11,422.02,1214.65,812.82,1089.88,617.42
STD_FORM_FB_AD_AV_114.jpg,5,0.953,527.16,170.46,704.37,535.62,615.77,353.04
STD_FORM_FB_AD_AV_114.jpg,6,0.944,1115.76,174.04,1277.49,546.15,1196.63,360.09
STD_FORM_FB_AD_AV_114.jpg,7,0.939,607.61,524.26,814.19,914.81,710.9,719.53
STD_FORM_FB_AD_AV_115.jpg,1,0.96,1310.35,506.04,1533.91,940.92,1422.13,723.48
STD_FORM_FB_AD_AV_115.jpg,2,0.96,299.95,371.24,584.4,762.28,442.17,566.76
STD_FORM_FB_AD_AV_115.jpg,3,0.959,510.83,175.67,702.6,534.51,606.71,355.09
STD_FORM_FB_AD_AV_115.jpg,4,0.958,742.68,265.63,959.79,628.15,851.23,446.89
STD_FORM_FB_AD_AV_115.jpg,5,0.95,962.25,418.7,1216.16,810.59,1089.21,614.64
STD_FORM_FB_AD_AV_115.jpg,6,0.941,608.1,519.8,815.88,913.22,711.99,716.51
STD_FORM_FB_AD_AV_115.jpg,7,0.939,1108.15,175.18,1280.27,543.39,1194.21,359.28
STD_FORM_FB_AD_AV_116.jpg,1,0.965,399.57,393.53,622.88,777.41,511.23,585.47
STD_FORM_FB_AD_AV_116.jpg,2,0.962,1325.21,512.26,1580.29,935.79,1452.75,724.03
STD_FORM_FB_AD_AV_116.jpg,3,0.958,679.87,527.7,910.49,913.69,795.18,720.7
STD_FORM_FB_AD_AV_116.jpg,4,0.956,1016.39,419.08,1293.66,808.65,1155.02,613.86
STD_FORM_FB_AD_AV_116.jpg,5,0.94,1487.51,298.7,1659.78,666.5,1573.64,482.6
STD_FORM_FB_AD_AV_116.jpg,6,0.837,1184.31,179.49,1337.53,514.53,1260.92,347.01
STD_FORM_FB_AD_AV_116.jpg,7,0.774,601.4,184.15,757.91,528.93,679.66,356.54
STD_FORM_FB_AD_AV_116.jpg,8,0.731,822.81,276.84,994.0,631.83,908.4,454.34
STD_FORM_FB_AD_AV_116.jpg,9,0.451,600.74,183.79,756.45,528.73,678.59,356.26
STD_FORM_FB_AD_AV_117.jpg,1,0.97,1039.24,448.61,1244.2,857.24,1141.72,652.93
STD_FORM_FB_AD_AV_117.jpg,2,0.96,1332.04,529.52,1588.11,966.38,1460.08,747.95
STD_FORM_FB_AD_AV_117.jpg,3,0.956,370.9,444.12,614.38,834.59,492.64,639.36
STD_FORM_FB_AD_AV_117.jpg,4,0.954,628.13,565.6,866.1,961.38,747.12,763.49
STD_FORM_FB_AD_AV_117.jpg,5,0.946,750.41,312.23,959.31,665.3,854.86,488.77
STD_FORM_FB_AD_AV_117.jpg,6,0.878,1100.9,200.66,1301.03,564.25,1200.97,382.46
STD_FORM_FB_AD_AV_117.jpg,7,0.727,540.32,217.25,717.16,571.54,628.74,394.39
STD_FORM_FB_AD_AV_118.jpg,1,0.964,1357.76,538.52,1580.06,971.7,1468.91,755.11
STD_FORM_FB_AD_AV_118.jpg,2,0.96,399.81,430.37,626.77,835.54,513.29,632.96
STD_FORM_FB_AD_AV_118.jpg,3,0.954,1044.88,441.65,1268.57,851.84,1156.72,646.74
STD_FORM_FB_AD_AV_118.jpg,4,0.949,647.36,567.5,874.19,953.41,760.77,760.45
STD_FORM_FB_AD_AV_118.jpg,5,0.931,559.43,208.07,691.1,571.3,625.26,389.68
STD_FORM_FB_AD_AV_118.jpg,6,0.85,791.33,316.87,942.96,676.59,867.15,496.73
STD_FORM_FB_AD_AV_119.jpg,1,0.962,604.33,574.72,867.85,955.86,736.09,765.29
STD_FORM_FB_AD_AV_119.jpg,2,0.961,342.97,433.01,588.37,833.08,465.67,633.04
STD_FORM_FB_AD_AV_119.jpg,3,0.954,1290.54,553.26,1565.94,971.21,1428.24,762.24
STD_FORM_FB_AD_AV_119.jpg,4,0.875,993.46,443.27,1261.25,851.25,1127.36,647.26
STD_FORM_FB_AD_AV_119.jpg,5,0.859,519.67,206.62,695.45,574.06,607.56,390.34
STD_FORM_FB_AD_AV_119.jpg,6,0.683,754.17,322.85,941.16,673.85,847.67,498.35
STD_FORM_FB_AD_AV_120.jpg,1,0.975,584.1,563.94,832.48,950.77,708.29,757.36
STD_FORM_FB_AD_AV_120.jpg,2,0.974,318.06,434.76,563.47,821.66,440.76,628.21
STD_FORM_FB_AD_AV_120.jpg,3,0.966,964.05,438.08,1195.95,848.78,1080.0,643.43
STD_FORM_FB_AD_AV_120.jpg,4,0.959,1305.53,534.32,1545.48,969.41,1425.51,751.86
STD_FORM_FB_AD_AV_120.jpg,5,0.94,738.67,312.46,924.72,681.67,831.7,497.06
STD_FORM_FB_AD_AV_120.jpg,6,0.917,496.29,202.71,680.75,572.23,588.52,387.47
STD_FORM_FB_AD_AV_121.jpg,1,0.96,1267.75,527.49,1545.67,953.88,1406.71,740.69
STD_FORM_FB_AD_AV_121.jpg,2,0.958,598.12,536.02,811.42,939.08,704.77,737.55
STD_FORM_FB_AD_AV_121.jpg,3,0.945,1015.97,430.61,1201.47,830.79,1108.72,630.7
STD_FORM_FB_AD_AV_121.jpg,4,0.942,374.65,430.56,588.87,817.56,481.76,624.06
STD_FORM_FB_AD_AV_121.jpg,5,0.92,737.57,320.79,912.7,681.6,825.13,501.19
STD_FORM_FB_AD_AV_122.jpg,1,0.955,349.93,446.18,616.35,822.56,483.14,634.37
STD_FORM_FB_AD_AV_122.jpg,2,0.954,1339.26,552.95,1620.6,960.64,1479.93,756.8
STD_FORM_FB_AD_AV_122.jpg,3,0.952,997.04,467.62,1287.29,834.52,1142.17,651.07
STD_FORM_FB_AD_AV_122.jpg,4,0.95,621.93,582.37,891.42,946.16,756.68,764.27
STD_FORM_FB_AD_AV_122.jpg,5,0.948,743.62,322.72,963.45,681.35,853.53,502.04
STD_FORM_FB_AD_AV_122.jpg,6,0.642,473.65,223.64,711.92,564.37,592.78,394.0
STD_FORM_FB_AD_AV_122.jpg,7,0.531,475.1,225.3,713.89,565.54,594.49,395.42
STD_FORM_FB_AD_AV_123.jpg,1,0.968,1335.26,554.08,1600.08,962.0,1467.67,758.04
STD_FORM_FB_AD_AV_123.jpg,2,0.953,352.49,444.5,604.77,824.54,478.63,634.52
STD_FORM_FB_AD_AV_123.jpg,3,0.952,743.21,323.83,957.19,684.42,850.2,504.13
STD_FORM_FB_AD_AV_123.jpg,4,0.943,614.22,587.33,884.43,954.61,749.33,770.97
STD_FORM_FB_AD_AV_123.jpg,5,0.94,466.96,233.58,699.28,566.12,583.12,399.85
STD_FORM_FB_AD_AV_123.jpg,6,0.918,1050.15,232.58,1272.67,569.68,1161.41,401.13
STD_FORM_FB_AD_AV_123.jpg,7,0.893,976.57,483.29,1273.66,835.32,1125.12,659.3
STD_FORM_FB_AD_AV_124.jpg,1,0.956,738.54,116.96,967.63,528.7,853.09,322.83
STD_FORM_FB_AD_AV_124.jpg,2,0.955,871.05,588.45,1154.5,1016.05,1012.78,802.25
STD_FORM_FB_AD_AV_124.jpg,3,0.954,1370.11,406.46,1599.66,908.07,1484.88,657.27
STD_FORM_FB_AD_AV_124.jpg,4,0.947,571.37,401.68,793.31,876.21,682.34,638.95
STD_FORM_FB_AD_AV_124.jpg,5,0.93,283.53,250.76,467.9,683.68,375.72,467.22
STD_FORM_FB_AD_AV_124.jpg,6,0.929,1056.82,257.11,1245.74,712.69,1151.28,484.9
STD_FORM_FB_AD_AV_124.jpg,7,0.794,97.97,498.07,334.33,954.99,216.15,726.53
STD_FORM_FB_AD_AV_125.jpg,1,0.967,1592.78,484.57,1908.53,892.61,1750.65,688.59
STD_FORM_FB_AD_AV_125.jpg,2,0.954,449.4,219.07,687.72,593.64,568.56,406.36
STD_FORM_FB_AD_AV_125.jpg,3,0.95,1194.81,237.66,1447.06,633.25,1320.94,435.46
STD_FORM_FB_AD_AV_125.jpg,4,0.947,670.57,353.16,936.55,755.29,803.56,554.22
STD_FORM_FB_AD_AV_125.jpg,5,0.937,870.53,465.04,1185.34,863.87,1027.93,664.46
STD_FORM_FB_AD_AV_125.jpg,6,0.925,1443.31,331.94,1714.24,734.84,1578.77,533.39
STD_FORM_FB_AD_AV_125.jpg,7,0.907,1058.86,149.74,1252.15,517.41,1155.51,333.58
STD_FORM_FB_AD_AV_125.jpg,8,0.854,326.21,99.8,521.0,456.11,423.61,277.95
STD_FORM_FB_AD_AV_126.jpg,1,0.965,655.83,423.95,864.28,848.83,760.06,636.39
STD_FORM_FB_AD_AV_126.jpg,2,0.961,94.25,236.44,320.1,611.52,207.17,423.98
STD_FORM_FB_AD_AV_126.jpg,3,0.961,1613.96,525.84,1913.41,933.91,1763.68,729.88
STD_FORM_FB_AD_AV_126.jpg,4,0.954,927.38,522.15,1141.78,949.81,1034.58,735.98
STD_FORM_FB_AD_AV_126.jpg,5,0.951,1301.69,382.26,1526.35,819.2,1414.02,600.73
STD_FORM_FB_AD_AV_126.jpg,6,0.95,322.04,334.42,527.13,717.63,424.59,526.03
STD_FORM_FB_AD_AV_126.jpg,7,0.948,1097.41,303.68,1261.83,723.81,1179.62,513.75
STD_FORM_FB_AD_AV_126.jpg,8,0.746,782.5,191.6,954.21,592.34,868.36,391.97
STD_FORM_FB_AD_AV_127.jpg,1,0.963,449.1,413.86,612.16,687.16,530.63,550.51
STD_FORM_FB_AD_AV_127.jpg,2,0.949,1524.28,560.33,1740.09,831.93,1632.18,696.13
STD_FORM_FB_AD_AV_127.jpg,3,0.941,983.05,563.48,1190.62,842.28,1086.83,702.88
STD_FORM_FB_AD_AV_127.jpg,4,0.937,1232.15,666.76,1460.01,958.0,1346.08,812.38
STD_FORM_FB_AD_AV_127.jpg,5,0.932,1204.11,431.38,1404.83,715.66,1304.47,573.52
STD_FORM_FB_AD_AV_127.jpg,6,0.926,713.08,499.33,910.28,766.97,811.68,633.15
STD_FORM_FB_AD_AV_127.jpg,7,0.872,918.78,366.03,1099.85,623.97,1009.32,495.0
STD_FORM_FB_AD_AV_127.jpg,8,0.854,699.58,323.23,865.51,584.32,782.54,453.77
STD_FORM_FB_AD_AV_128.jpg,1,0.961,1027.36,411.43,1178.02,705.59,1102.69,558.51
STD_FORM_FB_AD_AV_128.jpg,2,0.959,477.61,300.99,625.55,558.75,551.58,429.87
STD_FORM_FB_AD_AV_128.jpg,3,0.958,1567.24,578.45,1791.87,889.44,1679.56,733.94
STD_FORM_FB_AD_AV_128.jpg,4,0.95,878.44,384.45,1038.47,646.6,958.46,515.53
STD_FORM_FB_AD_AV_128.jpg,5,0.947,1229.89,462.76,1426.86,746.69,1328.38,604.73
STD_FORM_FB_AD_AV_128.jpg,6,0.909,1409.7,522.05,1541.87,806.8,1475.79,664.43
STD_FORM_FB_AD_AV_128.jpg,7,0.894,644.03,325.45,775.19,579.64,709.61,452.54
STD_FORM_FB_AD_AV_128.jpg,8,0.736,750.94,346.72,855.96,623.45,803.45,485.09
STD_FORM_FB_AD_AV_129.jpg,1,0.956,285.52,335.22,432.32,530.2,358.92,432.71
STD_FORM_FB_AD_AV_129.jpg,2,0.949,1214.68,626.4,1372.14,849.74,1293.41,738.07
STD_FORM_FB_AD_AV_129.jpg,3,0.946,1379.83,576.03,1542.05,786.58,1460.94,681.3
STD_FORM_FB_AD_AV_129.jpg,4,0.944,682.46,227.66,787.24,404.57,734.85,316.12
STD_FORM_FB_AD_AV_129.jpg,5,0.935,1009.45,683.52,1144.3,915.65,1076.87,799.58
STD_FORM_FB_AD_AV_129.jpg,6,0.918,797.32,197.73,900.55,358.62,848.93,278.18
STD_FORM_FB_AD_AV_129.jpg,7,0.792,482.41,283.14,609.2,468.54,545.8,375.84
STD_FORM_FB_AD_AV_129.jpg,8,0.781,1555.75,483.52,1720.66,698.62,1638.21,591.07
STD_FORM_FB_AD_AV_129.jpg,9,0.59,1555.96,483.89,1721.71,699.68,1638.84,591.79
STD_FORM_FB_AD_AV_130.jpg,1,0.959,1021.13,683.82,1181.79,920.79,1101.46,802.31
STD_FORM_FB_AD_AV_130.jpg,2,0.951,1204.14,596.13,1345.7,825.39,1274.92,710.76
STD_FORM_FB_AD_AV_130.jpg,3,0.944,1400.83,542.92,1548.27,749.1,1474.55,646.01
STD_FORM_FB_AD_AV_130.jpg,4,0.94,644.55,263.86,760.12,427.82,702.34,345.84
STD_FORM_FB_AD_AV_130.jpg,5,0.938,249.38,367.26,383.29,551.49,316.33,459.38
STD_FORM_FB_AD_AV_130.jpg,6,0.935,801.04,225.56,900.23,370.82,850.64,298.19
STD_FORM_FB_AD_AV_130.jpg,7,0.934,1552.24,444.75,1668.52,662.06,1610.38,553.4
STD_FORM_FB_AD_AV_130.jpg,8,0.924,487.77,325.28,610.32,502.3,549.04,413.79
STD_FORM_FB_AD_AV_131.jpg,1,0.965,617.8,356.13,724.85,543.55,671.32,449.84
STD_FORM_FB_AD_AV_131.jpg,2,0.956,989.69,546.33,1129.25,748.58,1059.47,647.45
STD_FORM_FB_AD_AV_131.jpg,3,0.948,783.51,629.23,918.9,853.71,851.21,741.47
STD_FORM_FB_AD_AV_131.jpg,4,0.946,1367.77,410.05,1497.44,605.04,1432.6,507.55
STD_FORM_FB_AD_AV_131.jpg,5,0.938,349.02,404.14,472.65,600.39,410.83,502.26
STD_FORM_FB_AD_AV_131.jpg,6,0.915,760.88,276.91,879.74,454.12,820.31,365.51
STD_FORM_FB_AD_AV_131.jpg,7,0.914,1264.16,471.38,1375.98,659.89,1320.07,565.64
STD_FORM_FB_AD_AV_131.jpg,8,0.61,943.54,233.33,1056.83,400.67,1000.19,317.0
STD_FORM_FB_AD_AV_132.jpg,1,0.962,1223.43,492.58,1414.64,769.0,1319.03,630.79
STD_FORM_FB_AD_AV_132.jpg,2,0.959,1514.25,421.65,1695.49,686.68,1604.87,554.16
STD_FORM_FB_AD_AV_132.jpg,3,0.951,175.16,404.72,343.15,619.73,259.16,512.22
STD_FORM_FB_AD_AV_132.jpg,4,0.949,1327.64,339.26,1498.91,568.4,1413.28,453.83
STD_FORM_FB_AD_AV_132.jpg,5,0.94,545.59,322.14,709.9,575.25,627.75,448.69
STD_FORM_FB_AD_AV_132.jpg,6,0.939,1084.79,402.5,1234.33,655.87,1159.56,529.18
STD_FORM_FB_AD_AV_132.jpg,7,0.933,327.79,492.44,504.49,769.74,416.14,631.09
STD_FORM_FB_AD_AV_132.jpg,8,0.836,691.35,422.59,846.81,691.82,769.08,557.21
STD_FORM_FB_AD_AV_133.jpg,1,0.957,551.33,493.86,687.82,689.35,619.57,591.6
STD_FORM_FB_AD_AV_133.jpg,2,0.943,980.14,466.22,1112.51,672.7,1046.32,569.46
STD_FORM_FB_AD_AV_133.jpg,3,0.934,822.2,404.75,954.45,602.98,888.33,503.86
STD_FORM_FB_AD_AV_133.jpg,4,0.93,764.28,537.46,895.51,760.29,829.89,648.87
STD_FORM_FB_AD_AV_133.jpg,5,0.926,507.54,290.25,627.13,477.92,567.34,384.08
STD_FORM_FB_AD_AV_133.jpg,6,0.906,654.43,367.14,767.62,552.08,711.03,459.61
STD_FORM_FB_AD_AV_133.jpg,7,0.904,407.83,419.42,520.34,619.31,464.09,519.36
STD_FORM_FB_AD_AV_133.jpg,8,0.478,220.09,379.17,351.27,575.33,285.68,477.25
STD_FORM_FB_AD_AV_134.jpg,1,0.964,712.4,646.76,954.87,1015.98,833.64,831.37
STD_FORM_FB_AD_AV_134.jpg,2,0.956,1098.54,538.32,1341.0,908.67,1219.77,723.49
STD_FORM_FB_AD_AV_134.jpg,3,0.954,529.68,555.63,722.55,877.24,626.12,716.44
STD_FORM_FB_AD_AV_134.jpg,4,0.933,967.46,266.91,1159.26,566.19,1063.36,416.55
STD_FORM_FB_AD_AV_134.jpg,5,0.931,696.33,179.99,875.99,476.37,786.16,328.18
STD_FORM_FB_AD_AV_134.jpg,6,0.924,1199.59,181.27,1357.08,479.69,1278.34,330.48
STD_FORM_FB_AD_AV_135.jpg,1,0.976,997.78,699.18,1237.7,1030.85,1117.74,865.02
STD_FORM_FB_AD_AV_135.jpg,2,0.966,925.97,222.26,1141.59,479.99,1033.78,351.12
STD_FORM_FB_AD_AV_135.jpg,3,0.965,1326.89,590.88,1526.45,924.43,1426.67,757.66
STD_FORM_FB_AD_AV_135.jpg,4,0.958,764.92,618.9,983.29,916.47,874.11,767.69
STD_FORM_FB_AD_AV_135.jpg,5,0.951,468.23,205.88,662.03,478.67,565.13,342.28
STD_FORM_FB_AD_AV_135.jpg,6,0.947,706.67,267.68,880.68,555.7,793.67,411.69
STD_FORM_FB_AD_AV_136.jpg,1,0.966,595.42,675.11,739.06,876.08,667.24,775.6
STD_FORM_FB_AD_AV_136.jpg,2,0.946,347.09,725.59,502.32,946.52,424.7,836.06
STD_FORM_FB_AD_AV_136.jpg,3,0.944,1381.16,372.11,1486.68,522.79,1433.92,447.45
STD_FORM_FB_AD_AV_136.jpg,4,0.937,753.51,631.6,901.65,823.9,827.58,727.75
STD_FORM_FB_AD_AV_136.jpg,5,0.937,107.88,750.7,236.81,992.24,172.35,871.47
STD_FORM_FB_AD_AV_136.jpg,6,0.936,1122.34,457.0,1236.37,632.93,1179.36,544.96
STD_FORM_FB_AD_AV_136.jpg,7,0.912,1239.57,438.25,1357.81,590.81,1298.69,514.53
STD_FORM_FB_AD_AV_136.jpg,8,0.87,1503.71,373.13,1594.45,525.74,1549.08,449.43
STD_FORM_FB_AD_AV_137.jpg,1,0.956,708.14,629.32,835.43,815.14,771.79,722.23
STD_FORM_FB_AD_AV_137.jpg,2,0.952,885.15,571.69,993.37,756.08,939.26,663.89
STD_FORM_FB_AD_AV_137.jpg,3,0.944,179.86,785.5,343.7,1005.65,261.78,895.58
STD_FORM_FB_AD_AV_137.jpg,4,0.94,475.49,687.6,616.68,894.86,546.08,791.23
STD_FORM_FB_AD_AV_137.jpg,5,0.929,1309.42,396.13,1403.08,555.37,1356.25,475.75
STD_FORM_FB_AD_AV_137.jpg,6,0.925,1072.04,491.74,1174.56,671.41,1123.3,581.57
STD_FORM_FB_AD_AV_137.jpg,7,0.917,1436.53,364.66,1544.93,508.61,1490.73,436.64
STD_FORM_FB_AD_AV_137.jpg,8,0.91,1218.48,455.3,1299.29,616.08,1258.89,535.69
STD_FORM_FB_AD_AV_138.jpg,1,0.948,1201.08,464.35,1310.4,623.11,1255.74,543.73
STD_FORM_FB_AD_AV_138.jpg,2,0.938,1049.76,506.07,1164.79,687.1,1107.27,596.59
STD_FORM_FB_AD_AV_138.jpg,3,0.937,537.12,643.78,642.79,869.77,589.95,756.77
STD_FORM_FB_AD_AV_138.jpg,4,0.932,930.18,534.68,1021.56,726.05,975.87,630.36
STD_FORM_FB_AD_AV_138.jpg,5,0.926,741.71,596.43,845.16,799.6,793.44,698.02
STD_FORM_FB_AD_AV_138.jpg,6,0.926,1400.24,371.69,1487.35,519.51,1443.79,445.6
STD_FORM_FB_AD_AV_138.jpg,7,0.895,1294.57,407.15,1394.13,565.93,1344.35,486.54
STD_FORM_FB_AD_AV_138.jpg,8,0.459,271.82,757.3,385.87,989.68,328.84,873.49
STD_FORM_FB_AD_AV_139.jpg,1,0.967,786.91,512.44,929.29,749.45,858.1,630.94
STD_FORM_FB_AD_AV_139.jpg,2,0.951,1377.58,669.05,1512.54,913.64,1445.06,791.34
STD_FORM_FB_AD_AV_139.jpg,3,0.946,1145.87,577.06,1305.32,838.57,1225.6,707.81
STD_FORM_FB_AD_AV_139.jpg,4,0.942,1490.11,582.49,1626.56,810.43,1558.34,696.46
STD_FORM_FB_AD_AV_139.jpg,5,0.941,588.02,600.4,730.38,842.75,659.2,721.58
STD_FORM_FB_AD_AV_139.jpg,6,0.94,374.73,670.32,536.53,900.38,455.63,785.35
STD_FORM_FB_AD_AV_139.jpg,7,0.93,236.77,579.45,386.57,821.08,311.67,700.27
STD_FORM_FB_AD_AV_139.jpg,8,0.51,983.69,515.61,1116.05,751.09,1049.87,633.35
STD_FORM_FB_AD_AV_139.jpg,9,0.492,983.67,516.17,1115.62,752.03,1049.65,634.1
STD_FORM_FB_AD_AV_140.jpg,1,0.963,787.05,516.23,924.61,744.65,855.83,630.44
STD_FORM_FB_AD_AV_140.jpg,2,0.959,979.81,515.77,1112.69,745.17,1046.25,630.47
STD_FORM_FB_AD_AV_140.jpg,3,0.954,1361.29,663.17,1518.32,906.16,1439.81,784.67
STD_FORM_FB_AD_AV_140.jpg,4,0.951,598.42,593.42,733.11,837.91,665.77,715.67
STD_FORM_FB_AD_AV_140.jpg,5,0.946,387.37,665.63,543.3,909.89,465.33,787.76
STD_FORM_FB_AD_AV_140.jpg,6,0.943,225.06,580.83,377.36,829.11,301.21,704.97
STD_FORM_FB_AD_AV_140.jpg,7,0.936,1138.94,575.1,1306.05,834.09,1222.5,704.59
STD_FORM_FB_AD_AV_140.jpg,8,0.933,1490.65,583.82,1627.23,812.92,1558.94,698.37
STD_FORM_FB_AD_AV_141.jpg,1,0.968,1516.06,584.72,1656.11,823.31,1586.08,704.02
STD_FORM_FB_AD_AV_141.jpg,2,0.954,618.32,590.54,748.89,840.81,683.6,715.68
STD_FORM_FB_AD_AV_141.jpg,3,0.947,266.08,579.31,391.27,827.64,328.68,703.47
STD_FORM_FB_AD_AV_141.jpg,4,0.946,411.95,661.86,560.74,909.97,486.34,785.91
STD_FORM_FB_AD_AV_141.jpg,5,0.94,1381.95,660.19,1528.72,916.54,1455.33,788.36
STD_FORM_FB_AD_AV_141.jpg,6,0.935,805.81,517.16,941.24,739.92,873.52,628.54
STD_FORM_FB_AD_AV_141.jpg,7,0.929,1154.36,572.28,1310.8,827.64,1232.58,699.96
STD_FORM_FB_AD_AV_141.jpg,8,0.609,1000.09,512.82,1127.19,745.35,1063.64,629.08
STD_FORM_FB_AD_AV_141.jpg,9,0.597,998.91,514.12,1126.87,745.92,1062.89,630.02
STD_FORM_FB_AD_AV_142.jpg,1,0.958,1382.92,660.46,1556.25,893.65,1469.58,777.05
STD_FORM_FB_AD_AV_142.jpg,2,0.945,621.68,590.79,783.92,818.7,702.8,704.74
STD_FORM_FB_AD_AV_142.jpg,3,0.938,1172.77,575.42,1348.02,805.93,1260.39,690.68
STD_FORM_FB_AD_AV_142.jpg,4,0.936,252.9,580.62,395.54,801.71,324.22,691.17
STD_FORM_FB_AD_AV_142.jpg,5,0.936,1005.51,515.54,1146.78,731.56,1076.14,623.55
STD_FORM_FB_AD_AV_142.jpg,6,0.934,429.26,659.07,572.52,883.18,500.89,771.12
STD_FORM_FB_AD_AV_142.jpg,7,0.799,805.76,513.8,929.76,735.57,867.76,624.68
STD_FORM_FB_AD_AV_142.jpg,8,0.725,1522.69,585.32,1635.76,802.81,1579.22,694.07
STD_FORM_FB_AD_AV_143.jpg,1,0.955,600.51,584.5,745.58,823.68,673.05,704.09
STD_FORM_FB_AD_AV_143.jpg,2,0.949,980.59,530.77,1124.15,741.02,1052.37,635.89
STD_FORM_FB_AD_AV_143.jpg,3,0.948,1164.55,580.73,1307.65,814.16,1236.1,697.44
STD_FORM_FB_AD_AV_143.jpg,4,0.946,406.55,664.19,548.17,888.43,477.36,776.31
STD_FORM_FB_AD_AV_143.jpg,5,0.946,1362.84,664.8,1516.3,910.86,1439.57,787.83
STD_FORM_FB_AD_AV_143.jpg,6,0.945,245.5,589.22,393.11,810.14,319.31,699.68
STD_FORM_FB_AD_AV_143.jpg,7,0.935,778.02,525.51,925.14,746.01,851.58,635.76
STD_FORM_FB_AD_AV_143.jpg,8,0.927,1498.14,589.91,1650.61,811.15,1574.38,700.53
STD_FORM_FB_AD_AV_144.jpg,1,0.96,712.23,417.83,916.98,725.57,814.61,571.7
STD_FORM_FB_AD_AV_144.jpg,2,0.954,991.52,530.42,1202.34,868.01,1096.93,699.22
STD_FORM_FB_AD_AV_144.jpg,3,0.953,1262.21,452.92,1501.92,782.28,1382.06,617.6
STD_FORM_FB_AD_AV_144.jpg,4,0.935,286.48,406.29,476.46,709.71,381.47,558.0
STD_FORM_FB_AD_AV_144.jpg,5,0.927,442.91,531.19,652.27,846.65,547.59,688.92
STD_FORM_FB_AD_AV_145.jpg,1,0.963,512.74,559.48,718.96,903.65,615.85,731.57
STD_FORM_FB_AD_AV_145.jpg,2,0.956,697.0,354.86,886.27,638.75,791.64,496.81
STD_FORM_FB_AD_AV_145.jpg,3,0.954,1480.04,468.15,1700.39,813.73,1590.22,640.94
STD_FORM_FB_AD_AV_145.jpg,4,0.933,882.92,461.97,1059.58,774.57,971.25,618.27
STD_FORM_FB_AD_AV_145.jpg,5,0.924,388.63,416.65,586.3,722.83,487.47,569.74
STD_FORM_FB_AD_AV_145.jpg,6,0.873,1107.83,552.33,1310.28,879.56,1209.05,715.95
STD_FORM_FB_AD_AV_145.jpg,7,0.499,1106.92,553.91,1312.76,879.64,1209.84,716.77
STD_FORM_FB_AD_AV_146.jpg,1,0.953,900.73,281.81,1049.76,597.05,975.24,439.43
STD_FORM_FB_AD_AV_146.jpg,2,0.948,1312.34,393.31,1474.56,776.51,1393.45,584.91
STD_FORM_FB_AD_AV_146.jpg,3,0.944,828.7,655.24,1037.05,1004.01,932.88,829.63
STD_FORM_FB_AD_AV_146.jpg,4,0.941,1059.88,536.95,1239.46,910.5,1149.67,723.73
STD_FORM_FB_AD_AV_146.jpg,5,0.934,379.0,522.51,559.39,891.2,469.19,706.86
STD_FORM_FB_AD_AV_146.jpg,6,0.932,1458.19,643.83,1653.09,949.19,1555.64,796.51
STD_FORM_FB_AD_AV_146.jpg,7,0.928,722.23,441.2,878.2,780.9,800.21,611.05
STD_FORM_FB_AD_AV_147.jpg,1,0.968,620.52,634.73,896.57,999.91,758.54,817.32
STD_FORM_FB_AD_AV_147.jpg,2,0.946,1207.23,596.89,1472.48,981.45,1339.86,789.17
STD_FORM_FB_AD_AV_147.jpg,3,0.921,252.72,477.6,516.87,804.08,384.8,640.84
STD_FORM_FB_AD_AV_147.jpg,4,0.917,876.88,466.23,1120.53,815.67,998.71,640.95
STD_FORM_FB_AD_AV_148.jpg,1,0.95,629.96,579.22,793.79,843.76,711.87,711.49
STD_FORM_FB_AD_AV_148.jpg,2,0.949,268.75,396.58,405.18,633.4,336.97,514.99
STD_FORM_FB_AD_AV_148.jpg,3,0.927,498.91,517.48,631.32,780.45,565.12,648.97
STD_FORM_FB_AD_AV_148.jpg,4,0.915,1456.53,580.13,1637.53,833.11,1547.03,706.62
STD_FORM_FB_AD_AV_148.jpg,5,0.908,1205.87,423.87,1331.58,652.31,1268.72,538.09
STD_FORM_FB_AD_AV_148.jpg,6,0.867,1117.68,349.94,1250.24,574.99,1183.96,462.47
STD_FORM_FB_AD_AV_148.jpg,7,0.865,1328.76,509.12,1477.01,749.17,1402.88,629.14
STD_FORM_FB_AD_AV_148.jpg,8,0.745,405.54,461.03,530.28,707.48,467.91,584.26
STD_FORM_FB_AD_AV_149.jpg,1,0.961,229.71,509.55,405.73,766.62,317.72,638.08
STD_FORM_FB_AD_AV_149.jpg,2,0.96,803.94,550.58,958.96,804.1,881.45,677.34
STD_FORM_FB_AD_AV_149.jpg,3,0.953,951.5,472.04,1101.95,716.88,1026.73,594.46
STD_FORM_FB_AD_AV_149.jpg,4,0.95,1235.58,410.66,1397.56,660.75,1316.57,535.7
STD_FORM_FB_AD_AV_149.jpg,5,0.734,492.51,589.94,680.49,854.64,586.5,722.29
STD_FORM_FB_AD_AV_150.jpg,1,0.939,294.32,564.01,487.58,841.64,390.95,702.83
STD_FORM_FB_AD_AV_150.jpg,2,0.938,1034.62,491.92,1185.61,743.82,1110.12,617.87
STD_FORM_FB_AD_AV_150.jpg,3,0.936,99.66,511.14,289.35,774.94,194.51,643.04
STD_FORM_FB_AD_AV_150.jpg,4,0.928,653.57,532.67,846.48,808.87,750.02,670.77
STD_FORM_FB_AD_AV_150.jpg,5,0.921,1197.2,510.35,1349.51,770.23,1273.35,640.29
STD_FORM_FB_AD_AV_150.jpg,6,0.918,1605.08,491.24,1768.01,774.76,1686.54,633.0
STD_FORM_FB_AD_AV_150.jpg,7,0.913,1360.15,523.93,1533.94,806.07,1447.04,665.0
STD_FORM_FB_AD_AV_151.jpg,1,0.965,464.81,550.07,621.8,788.8,543.31,669.43
STD_FORM_FB_AD_AV_151.jpg,2,0.949,678.59,557.85,830.27,803.81,754.43,680.83
STD_FORM_FB_AD_AV_151.jpg,3,0.949,225.07,509.01,381.53,740.94,303.3,624.98
STD_FORM_FB_AD_AV_151.jpg,4,0.949,986.44,635.44,1135.15,856.76,1060.8,746.1
STD_FORM_FB_AD_AV_151.jpg,5,0.94,1240.85,533.15,1396.32,757.79,1318.58,645.47
STD_FORM_FB_AD_AV_151.jpg,6,0.938,1474.27,564.23,1626.85,802.04,1550.56,683.13
STD_FORM_FB_AD_AV_151.jpg,7,0.915,841.1,491.48,975.12,710.02,908.11,600.75
STD_FORM_FB_AD_AV_152.jpg,1,0.942,802.24,556.73,970.55,801.61,886.4,679.17
STD_FORM_FB_AD_AV_152.jpg,2,0.939,1091.78,618.52,1265.13,860.46,1178.45,739.49
STD_FORM_FB_AD_AV_152.jpg,3,0.934,623.2,519.75,769.7,754.63,696.45,637.19
STD_FORM_FB_AD_AV_152.jpg,4,0.933,1286.86,558.97,1450.71,814.19,1368.79,686.58
STD_FORM_FB_AD_AV_152.jpg,5,0.5,401.75,464.03,562.78,682.55,482.26,573.29
STD_FORM_FB_AD_AV_153.jpg,1,0.965,374.63,334.93,521.54,554.92,448.08,444.92
STD_FORM_FB_AD_AV_153.jpg,2,0.952,536.51,363.88,711.0,593.36,623.75,478.62
STD_FORM_FB_AD_AV_153.jpg,3,0.947,1057.1,524.24,1234.59,801.57,1145.84,662.91
STD_FORM_FB_AD_AV_153.jpg,4,0.944,182.86,299.29,316.04,505.08,249.45,402.19
STD_FORM_FB_AD_AV_153.jpg,5,0.941,741.87,386.89,886.07,652.95,813.97,519.92
STD_FORM_FB_AD_AV_153.jpg,6,0.939,1540.51,678.43,1743.48,990.24,1642.0,834.33
STD_FORM_FB_AD_AV_153.jpg,7,0.933,871.69,461.77,1030.31,735.96,951.0,598.86
STD_FORM_FB_AD_AV_153.jpg,8,0.886,1266.27,571.16,1453.74,878.89,1360.0,725.03
STD_FORM_FB_AD_AV_154.jpg,1,0.965,708.96,408.88,888.23,656.29,798.6,532.58
STD_FORM_FB_AD_AV_154.jpg,2,0.959,518.44,380.63,696.36,595.43,607.4,488.03
STD_FORM_FB_AD_AV_154.jpg,3,0.952,1268.03,589.96,1413.41,881.81,1340.72,735.89
STD_FORM_FB_AD_AV_154.jpg,4,0.95,1527.88,678.21,1730.2,988.04,1629.04,833.13
STD_FORM_FB_AD_AV_154.jpg,5,0.945,163.48,295.43,294.74,504.05,229.11,399.74
STD_FORM_FB_AD_AV_154.jpg,6,0.943,999.41,551.89,1179.66,812.61,1089.53,682.25
STD_FORM_FB_AD_AV_154.jpg,7,0.942,353.89,333.92,501.86,555.15,427.87,444.53
STD_FORM_FB_AD_AV_154.jpg,8,0.893,835.54,486.02,1014.02,739.84,924.78,612.93
STD_FORM_FB_AD_AV_155.jpg,1,0.972,517.92,362.89,690.21,593.47,604.07,478.18
STD_FORM_FB_AD_AV_155.jpg,2,0.952,1522.35,682.53,1712.18,985.84,1617.27,834.19
STD_FORM_FB_AD_AV_155.jpg,3,0.95,1239.21,588.32,1439.66,881.55,1339.44,734.93
STD_FORM_FB_AD_AV_155.jpg,4,0.949,991.98,553.91,1202.76,814.33,1097.37,684.12
STD_FORM_FB_AD_AV_155.jpg,5,0.945,350.77,335.02,495.5,556.54,423.13,445.78
STD_FORM_FB_AD_AV_155.jpg,6,0.941,710.35,396.32,875.62,656.81,792.98,526.57
STD_FORM_FB_AD_AV_155.jpg,7,0.933,161.74,291.11,290.38,504.11,226.06,397.61
STD_FORM_FB_AD_AV_155.jpg,8,0.919,832.24,484.91,1017.7,736.52,924.97,610.72
STD_FORM_FB_AD_AV_156.jpg,1,0.949,517.93,358.28,650.8,593.32,584.36,475.8
STD_FORM_FB_AD_AV_156.jpg,2,0.943,901.74,476.86,1049.79,727.82,975.76,602.34
STD_FORM_FB_AD_AV_156.jpg,3,0.942,1502.66,644.39,1689.49,942.43,1596.07,793.41
STD_FORM_FB_AD_AV_156.jpg,4,0.939,1066.43,524.03,1233.51,797.0,1149.97,660.52
STD_FORM_FB_AD_AV_156.jpg,5,0.939,649.53,422.34,827.6,663.86,738.56,543.1
STD_FORM_FB_AD_AV_156.jpg,6,0.936,299.46,361.28,448.48,572.27,373.97,466.77
STD_FORM_FB_AD_AV_156.jpg,7,0.933,1299.69,553.73,1466.46,864.89,1383.07,709.31
STD_FORM_FB_AD_AV_156.jpg,8,0.931,156.99,315.41,281.3,515.47,219.15,415.44
STD_FORM_FB_AD_AV_157.jpg,1,0.952,1615.5,367.39,1776.13,600.29,1695.81,483.84
STD_FORM_FB_AD_AV_157.jpg,2,0.951,490.19,743.2,711.11,1029.62,600.65,886.41
STD_FORM_FB_AD_AV_157.jpg,3,0.946,223.61,657.2,403.98,924.47,313.79,790.84
STD_FORM_FB_AD_AV_157.jpg,4,0.945,804.78,671.71,1001.87,946.28,903.32,809.0
STD_FORM_FB_AD_AV_157.jpg,5,0.941,1112.92,342.23,1258.46,556.15,1185.69,449.19
STD_FORM_FB_AD_AV_157.jpg,6,0.94,1422.46,333.53,1560.74,549.26,1491.6,441.39
STD_FORM_FB_AD_AV_157.jpg,7,0.938,897.52,385.26,1060.55,596.69,979.03,490.97
STD_FORM_FB_AD_AV_158.jpg,1,0.947,1337.12,527.14,1510.87,865.72,1424.0,696.43
STD_FORM_FB_AD_AV_158.jpg,2,0.935,838.68,570.06,991.0,884.63,914.84,727.34
STD_FORM_FB_AD_AV_158.jpg,3,0.93,557.18,429.89,701.71,759.43,629.44,594.66
STD_FORM_FB_AD_AV_158.jpg,4,0.926,1071.73,429.74,1243.36,766.22,1157.55,597.98
STD_FORM_FB_AD_AV_159.jpg,1,0.94,677.88,419.38,873.91,696.07,775.9,557.72
STD_FORM_FB_AD_AV_159.jpg,2,0.927,1160.16,467.8,1329.86,762.04,1245.01,614.92
STD_FORM_FB_AD_AV_159.jpg,3,0.921,910.17,331.99,1097.53,590.68,1003.85,461.33
STD_FORM_FB_AD_AV_159.jpg,4,0.919,1323.02,416.79,1481.12,702.2,1402.07,559.49
STD_FORM_FB_AD_AV_159.jpg,5,0.834,917.68,595.6,1114.7,916.38,1016.19,755.99
STD_FORM_FB_AD_AV_159.jpg,6,0.491,916.55,593.5,1112.82,918.36,1014.69,755.93
STD_FORM_FB_AD_AV_160.jpg,1,0.969,589.78,427.95,815.81,796.06,702.8,612.0
STD_FORM_FB_AD_AV_160.jpg,2,0.95,953.36,545.71,1220.76,953.86,1087.06,749.78
STD_FORM_FB_AD_AV_160.jpg,3,0.94,1278.03,436.54,1509.43,786.59,1393.73,611.57
STD_FORM_FB_AD_AV_160.jpg,4,0.933,1504.41,338.27,1733.75,723.85,1619.08,531.06
STD_FORM_FB_AD_AV_160.jpg,5,0.791,434.98,340.68,630.25,674.18,532.61,507.43
STD_FORM_FB_AD_AV_161.jpg,1,0.957,942.03,580.79,1115.44,1012.93,1028.73,796.86
STD_FORM_FB_AD_AV_161.jpg,2,0.957,322.89,352.87,516.81,728.77,419.85,540.82
STD_FORM_FB_AD_AV_161.jpg,3,0.948,1211.06,441.35,1426.54,831.36,1318.8,636.35
STD_FORM_FB_AD_AV_161.jpg,4,0.902,1492.78,346.65,1688.4,744.66,1590.59,545.66
STD_FORM_FB_AD_AV_161.jpg,5,0.891,533.05,442.46,736.38,837.6,634.71,640.03
STD_FORM_FB_AD_AV_162.jpg,1,0.96,577.48,591.71,916.26,998.04,746.87,794.88
STD_FORM_FB_AD_AV_162.jpg,2,0.957,1287.61,574.04,1673.03,1000.81,1480.32,787.43
STD_FORM_FB_AD_AV_162.jpg,3,0.939,259.74,458.09,524.62,860.83,392.18,659.46
STD_FORM_FB_AD_AV_162.jpg,4,0.936,975.4,420.19,1233.35,861.18,1104.37,640.68
STD_FORM_FB_AD_AV_163.jpg,1,0.967,747.85,496.04,1060.58,945.29,904.21,720.67
STD_FORM_FB_AD_AV_163.jpg,2,0.966,1110.21,352.49,1414.89,802.35,1262.55,577.42
STD_FORM_FB_AD_AV_163.jpg,3,0.95,417.27,363.89,721.86,807.21,569.57,585.55
STD_FORM_FB_AD_AV_163.jpg,4,0.938,1484.75,482.99,1820.63,963.81,1652.69,723.4
STD_FORM_FB_AD_AV_164.jpg,1,0.953,338.13,309.8,603.44,719.25,470.78,514.52
STD_FORM_FB_AD_AV_164.jpg,2,0.95,594.13,461.27,861.9,883.66,728.01,672.47
STD_FORM_FB_AD_AV_164.jpg,3,0.92,1354.62,445.69,1658.93,901.17,1506.77,673.43
STD_FORM_FB_AD_AV_164.jpg,4,0.91,939.24,300.79,1235.5,701.02,1087.37,500.91
STD_FORM_FB_AD_AV_165.jpg,1,0.952,734.72,658.24,871.82,852.28,803.27,755.26
STD_FORM_FB_AD_AV_165.jpg,2,0.936,528.04,690.2,660.92,894.8,594.48,792.5
STD_FORM_FB_AD_AV_165.jpg,3,0.933,1253.46,484.01,1359.22,674.67,1306.34,579.34
STD_FORM_FB_AD_AV_165.jpg,4,0.908,1571.17,502.21,1695.02,679.02,1633.1,590.62
STD_FORM_FB_AD_AV_165.jpg,5,0.82,1516.83,412.72,1604.83,573.67,1560.83,493.2
STD_FORM_FB_AD_AV_166.jpg,1,0.945,1039.26,369.12,1240.32,725.73,1139.79,547.43
STD_FORM_FB_AD_AV_166.jpg,2,0.944,585.04,410.28,777.01,743.92,681.02,577.1
STD_FORM_FB_AD_AV_166.jpg,3,0.944,1552.45,432.04,1741.16,804.65,1646.8,618.35
STD_FORM_FB_AD_AV_166.jpg,4,0.942,167.13,368.22,354.03,696.34,260.58,532.28
STD_FORM_FB_AD_AV_166.jpg,5,0.926,813.11,565.17,1009.94,924.81,911.53,744.99
STD_FORM_FB_AD_AV_166.jpg,6,0.92,1402.97,282.43,1572.74,638.51,1487.86,460.47
STD_FORM_FB_AD_AV_166.jpg,7,0.91,457.31,251.13,627.16,552.83,542.23,401.98
STD_FORM_FB_AD_AV_166.jpg,8,0.839,913.38,281.41,1054.51,608.07,983.94,444.74
STD_FORM_FB_AD_AV_167.jpg,1,0.958,1505.73,295.16,1714.87,609.95,1610.3,452.55
STD_FORM_FB_AD_AV_167.jpg,2,0.942,628.39,383.56,826.38,689.69,727.39,536.62
STD_FORM_FB_AD_AV_167.jpg,3,0.94,1697.99,401.44,1899.4,714.97,1798.69,558.2
STD_FORM_FB_AD_AV_167.jpg,4,0.94,1157.93,388.23,1354.88,714.48,1256.4,551.36
STD_FORM_FB_AD_AV_167.jpg,5,0.937,444.17,291.11,605.98,597.19,525.07,444.15
STD_FORM_FB_AD_AV_167.jpg,6,0.822,908.81,516.29,1126.35,854.64,1017.58,685.47
STD_FORM_FB_AD_AV_167.jpg,7,0.741,80.01,359.46,295.12,680.56,187.57,520.01
STD_FORM_FB_AD_AV_168.jpg,1,0.95,681.92,432.25,894.88,660.28,788.4,546.27
STD_FORM_FB_AD_AV_168.jpg,2,0.948,1083.71,439.31,1291.01,686.42,1187.36,562.86
STD_FORM_FB_AD_AV_168.jpg,3,0.944,226.3,425.33,456.09,651.02,341.19,538.17
STD_FORM_FB_AD_AV_168.jpg,4,0.937,504.18,358.87,709.92,572.56,607.05,465.72
STD_FORM_FB_AD_AV_168.jpg,5,0.929,1507.53,419.15,1696.84,684.96,1602.18,552.06
STD_FORM_FB_AD_AV_168.jpg,6,0.926,901.2,490.3,1119.18,757.44,1010.19,623.87
STD_FORM_FB_AD_AV_168.jpg,7,0.744,1305.53,364.44,1530.59,600.05,1418.06,482.24
STD_FORM_FB_AD_AV_169.jpg,1,0.951,515.0,318.68,658.28,557.35,586.64,438.02
STD_FORM_FB_AD_AV_169.jpg,2,0.944,1273.67,327.05,1437.31,581.94,1355.49,454.49
STD_FORM_FB_AD_AV_169.jpg,3,0.937,240.82,410.03,402.55,646.26,321.69,528.15
STD_FORM_FB_AD_AV_169.jpg,4,0.935,1064.72,397.03,1224.74,654.55,1144.73,525.79
STD_FORM_FB_AD_AV_169.jpg,5,0.93,1495.98,419.9,1687.65,677.61,1591.82,548.75
STD_FORM_FB_AD_AV_169.jpg,6,0.88,918.65,496.11,1071.51,746.69,995.08,621.4
STD_FORM_FB_AD_AV_169.jpg,7,0.782,686.8,412.52,868.11,648.25,777.45,530.38
STD_FORM_FB_AD_AV_170.jpg,1,0.96,567.99,320.04,736.17,534.38,652.08,427.21
STD_FORM_FB_AD_AV_170.jpg,2,0.955,767.41,411.19,945.9,625.6,856.65,518.4
STD_FORM_FB_AD_AV_170.jpg,3,0.946,1518.67,413.06,1678.76,648.95,1598.71,531.0
STD_FORM_FB_AD_AV_170.jpg,4,0.932,1300.17,326.05,1476.17,546.82,1388.17,436.43
STD_FORM_FB_AD_AV_170.jpg,5,0.928,1135.22,390.17,1285.41,623.12,1210.31,506.64
STD_FORM_FB_AD_AV_170.jpg,6,0.88,971.01,482.2,1150.59,708.89,1060.8,595.55
STD_FORM_FB_AD_AV_170.jpg,7,0.833,355.91,426.08,541.33,632.45,448.62,529.26
STD_FORM_FB_AD_AV_171.jpg,1,0.955,796.0,457.02,932.37,681.73,864.19,569.37
STD_FORM_FB_AD_AV_171.jpg,2,0.95,1001.11,524.67,1157.19,763.37,1079.15,644.02
STD_FORM_FB_AD_AV_171.jpg,3,0.943,1133.76,438.88,1272.08,674.95,1202.92,556.92
STD_FORM_FB_AD_AV_171.jpg,4,0.937,420.95,506.62,584.35,733.16,502.65,619.89
STD_FORM_FB_AD_AV_171.jpg,5,0.932,1289.68,370.04,1427.09,597.13,1358.39,483.58
STD_FORM_FB_AD_AV_171.jpg,6,0.925,563.92,389.72,697.95,601.0,630.94,495.36
STD_FORM_FB_AD_AV_171.jpg,7,0.914,1407.58,467.44,1531.61,718.42,1469.6,592.93
STD_FORM_FB_AD_AV_171.jpg,8,0.826,941.99,361.06,1069.36,578.81,1005.67,469.94
STD_FORM_FB_AD_AV_172.jpg,1,0.96,745.05,558.76,1080.76,952.45,912.9,755.6
STD_FORM_FB_AD_AV_172.jpg,2,0.959,156.52,325.18,412.22,699.44,284.37,512.31
STD_FORM_FB_AD_AV_172.jpg,3,0.953,432.43,435.64,694.5,811.91,563.46,623.78
STD_FORM_FB_AD_AV_172.jpg,4,0.932,1247.05,478.28,1520.34,863.26,1383.7,670.77
STD_FORM_FB_AD_AV_172.jpg,5,0.9,1555.41,293.14,1728.43,682.49,1641.92,487.82
STD_FORM_FB_AD_AV_173.jpg,1,0.951,573.21,463.46,781.08,809.4,677.14,636.43
STD_FORM_FB_AD_AV_173.jpg,2,0.951,1430.22,353.16,1642.32,704.48,1536.27,528.82
STD_FORM_FB_AD_AV_173.jpg,3,0.946,247.7,349.55,450.75,696.97,349.23,523.26
STD_FORM_FB_AD_AV_173.jpg,4,0.936,1162.65,427.26,1361.05,768.92,1261.85,598.09
STD_FORM_FB_AD_AV_173.jpg,5,0.915,904.99,530.44,1120.32,902.76,1012.66,716.6
STD_FORM_FB_AD_AV_174.jpg,1,0.956,576.56,429.39,795.88,775.59,686.22,602.49
STD_FORM_FB_AD_AV_174.jpg,2,0.949,281.48,323.68,530.69,665.89,406.08,494.79
STD_FORM_FB_AD_AV_174.jpg,3,0.948,956.88,512.4,1185.8,888.97,1071.34,700.69
STD_FORM_FB_AD_AV_174.jpg,4,0.946,1423.28,316.61,1650.34,670.12,1536.81,493.37
STD_FORM_FB_AD_AV_174.jpg,5,0.939,1161.74,383.46,1360.84,734.19,1261.29,558.83
STD_FORM_FB_AD_AV_175.jpg,1,0.957,807.26,569.87,961.64,874.24,884.45,722.06
STD_FORM_FB_AD_AV_175.jpg,2,0.956,1690.82,344.26,1866.45,632.6,1778.63,488.43
STD_FORM_FB_AD_AV_175.jpg,3,0.949,522.75,471.56,723.21,768.46,622.98,620.01
STD_FORM_FB_AD_AV_175.jpg,4,0.936,1153.77,517.05,1311.47,826.4,1232.62,671.72
STD_FORM_FB_AD_AV_175.jpg,5,0.929,1413.92,457.86,1576.73,761.02,1495.33,609.44
STD_FORM_FB_AD_AV_175.jpg,6,0.927,140.68,561.74,345.57,875.49,243.12,718.61
STD_FORM_FB_AD_AV_176.jpg,1,0.946,271.35,279.67,466.55,532.86,368.95,406.26
STD_FORM_FB_AD_AV_176.jpg,2,0.944,909.68,419.61,1099.61,696.96,1004.65,558.28
STD_FORM_FB_AD_AV_176.jpg,3,0.923,733.05,533.89,878.03,808.28,805.54,671.08
STD_FORM_FB_AD_AV_176.jpg,4,0.922,444.41,417.32,635.11,676.66,539.76,546.99
STD_FORM_FB_AD_AV_176.jpg,5,0.909,1206.59,542.42,1420.0,821.34,1313.29,681.88
STD_FORM_FB_AD_AV_177.jpg,1,0.967,570.63,433.77,737.2,715.46,653.92,574.62
STD_FORM_FB_AD_AV_177.jpg,2,0.949,961.99,371.51,1127.81,631.52,1044.9,501.51
STD_FORM_FB_AD_AV_177.jpg,3,0.944,338.86,370.69,485.52,628.76,412.19,499.72
STD_FORM_FB_AD_AV_177.jpg,4,0.941,820.02,538.84,977.11,840.74,898.57,689.79
STD_FORM_FB_AD_AV_177.jpg,5,0.931,95.36,321.51,229.75,587.29,162.55,454.4
STD_FORM_FB_AD_AV_177.jpg,6,0.927,1510.2,341.1,1690.43,601.69,1600.32,471.4
STD_FORM_FB_AD_AV_177.jpg,7,0.896,1236.23,483.57,1393.51,736.37,1314.87,609.97
STD_FORM_FB_AD_AV_178.jpg,1,0.949,233.85,448.31,398.42,697.08,316.13,572.69
STD_FORM_FB_AD_AV_178.jpg,2,0.948,77.43,395.73,211.64,631.69,144.54,513.71
STD_FORM_FB_AD_AV_178.jpg,3,0.947,1479.72,401.71,1634.62,643.3,1557.17,522.5
STD_FORM_FB_AD_AV_178.jpg,4,0.938,1056.73,434.83,1191.12,658.95,1123.92,546.89
STD_FORM_FB_AD_AV_178.jpg,5,0.935,634.48,574.2,811.39,844.32,722.93,709.26
STD_FORM_FB_AD_AV_178.jpg,6,0.931,1333.53,515.82,1489.22,751.91,1411.37,633.87
STD_FORM_FB_AD_AV_178.jpg,7,0.93,1270.11,343.04,1397.17,573.19,1333.64,458.11
STD_FORM_FB_AD_AV_178.jpg,8,0.83,409.92,492.07,587.07,757.02,498.49,624.55
STD_FORM_FB_AD_AV_179.jpg,1,0.946,1497.68,486.07,1656.4,710.9,1577.04,598.48
STD_FORM_FB_AD_AV_179.jpg,2,0.945,1342.91,584.58,1523.35,818.04,1433.13,701.31
STD_FORM_FB_AD_AV_179.jpg,3,0.941,485.05,510.86,629.25,729.7,557.15,620.28
STD_FORM_FB_AD_AV_179.jpg,4,0.937,199.35,433.27,319.6,631.14,259.48,532.2
STD_FORM_FB_AD_AV_179.jpg,5,0.937,1092.11,509.49,1233.47,730.33,1162.79,619.91
STD_FORM_FB_AD_AV_179.jpg,6,0.935,319.13,480.12,457.6,681.13,388.36,580.62
STD_FORM_FB_AD_AV_179.jpg,7,0.932,685.17,563.16,832.76,789.22,758.96,676.19
STD_FORM_FB_AD_AV_180.jpg,1,0.96,547.54,471.85,698.26,701.97,622.9,586.91
STD_FORM_FB_AD_AV_180.jpg,2,0.948,380.12,440.17,522.7,652.4,451.41,546.29
STD_FORM_FB_AD_AV_180.jpg,3,0.943,235.12,396.92,379.09,599.51,307.11,498.22
STD_FORM_FB_AD_AV_180.jpg,4,0.941,705.0,519.38,865.38,756.42,785.19,637.9
STD_FORM_FB_AD_AV_180.jpg,5,0.936,1283.72,550.07,1433.91,778.9,1358.81,664.49
STD_FORM_FB_AD_AV_180.jpg,6,0.931,1021.09,477.51,1177.0,694.81,1099.04,586.16
STD_FORM_FB_AD_AV_180.jpg,7,0.834,1408.41,464.45,1562.38,689.88,1485.4,577.16
STD_FORM_FB_AD_AV_181.jpg,1,0.956,617.61,478.06,742.26,706.11,679.94,592.09
STD_FORM_FB_AD_AV_181.jpg,2,0.955,1209.27,556.12,1351.76,769.14,1280.52,662.63
STD_FORM_FB_AD_AV_181.jpg,3,0.949,444.18,445.44,570.24,659.55,507.21,552.49
STD_FORM_FB_AD_AV_181.jpg,4,0.941,777.64,527.78,903.74,758.54,840.69,643.16
STD_FORM_FB_AD_AV_181.jpg,5,0.933,316.5,399.37,425.81,602.13,371.16,500.75
STD_FORM_FB_AD_AV_181.jpg,6,0.912,1349.87,463.91,1489.49,702.08,1419.68,583.0
STD_FORM_FB_AD_AV_181.jpg,7,0.908,999.01,465.36,1138.52,678.58,1068.77,571.97
STD_FORM_FB_AD_AV_182.jpg,1,0.962,540.12,503.54,802.86,893.93,671.49,698.73
STD_FORM_FB_AD_AV_182.jpg,2,0.958,945.62,262.77,1213.0,606.82,1079.31,434.79
STD_FORM_FB_AD_AV_182.jpg,3,0.957,1221.51,485.29,1445.79,886.67,1333.65,685.98
STD_FORM_FB_AD_AV_182.jpg,4,0.954,970.78,601.2,1193.56,1017.28,1082.17,809.24
STD_FORM_FB_AD_AV_182.jpg,5,0.952,1524.38,370.05,1768.26,760.75,1646.32,565.4
STD_FORM_FB_AD_AV_182.jpg,6,0.906,255.41,454.59,507.55,808.09,381.48,631.34
STD_FORM_FB_AD_AV_183.jpg,1,0.958,437.2,494.81,656.49,787.13,546.84,640.97
STD_FORM_FB_AD_AV_183.jpg,2,0.956,1349.62,540.89,1555.27,856.1,1452.44,698.49
STD_FORM_FB_AD_AV_183.jpg,3,0.955,180.53,225.66,363.55,451.76,272.04,338.71
STD_FORM_FB_AD_AV_183.jpg,4,0.952,1534.21,448.8,1713.02,747.13,1623.62,597.96
STD_FORM_FB_AD_AV_183.jpg,5,0.951,54.29,502.1,280.55,781.7,167.42,641.9
STD_FORM_FB_AD_AV_183.jpg,6,0.94,506.48,196.41,702.17,437.27,604.32,316.84
STD_FORM_FB_AD_AV_183.jpg,7,0.931,1105.29,630.64,1306.06,966.87,1205.68,798.76
STD_FORM_FB_AD_AV_183.jpg,8,0.509,360.68,293.09,517.34,536.65,439.01,414.87
STD_FORM_FB_AD_AV_184.jpg,1,0.96,1096.84,593.59,1279.62,838.22,1188.23,715.9
STD_FORM_FB_AD_AV_184.jpg,2,0.945,1422.9,444.8,1549.89,686.29,1486.39,565.54
STD_FORM_FB_AD_AV_184.jpg,3,0.944,308.6,485.67,466.73,699.31,387.66,592.49
STD_FORM_FB_AD_AV_184.jpg,4,0.929,1292.85,511.2,1426.02,766.53,1359.43,638.87
STD_FORM_FB_AD_AV_184.jpg,5,0.928,597.59,487.58,759.99,710.74,678.79,599.16
STD_FORM_FB_AD_AV_184.jpg,6,0.927,616.84,246.09,733.08,442.8,674.96,344.44
STD_FORM_FB_AD_AV_184.jpg,7,0.906,409.71,270.28,520.55,454.6,465.13,362.44
STD_FORM_FB_AD_AV_184.jpg,8,0.901,508.66,326.01,622.98,526.03,565.82,426.02
STD_FORM_FB_AD_AV_185.jpg,1,0.975,131.8,351.39,335.47,718.78,233.64,535.09
STD_FORM_FB_AD_AV_185.jpg,2,0.963,1147.24,495.05,1366.54,889.48,1256.89,692.26
STD_FORM_FB_AD_AV_185.jpg,3,0.953,493.81,326.68,710.82,658.51,602.32,492.59
STD_FORM_FB_AD_AV_185.jpg,4,0.951,1375.23,307.64,1573.15,684.75,1474.19,496.19
STD_FORM_FB_AD_AV_185.jpg,5,0.946,331.41,515.73,529.84,886.32,430.62,701.03
STD_FORM_FB_AD_AV_185.jpg,6,0.918,650.64,464.75,867.15,815.66,758.9,640.2
STD_FORM_FB_AD_AV_185.jpg,7,0.901,797.37,589.51,1021.57,980.42,909.47,784.96
STD_FORM_FB_AD_AV_186.jpg,1,0.952,1552.58,452.78,1692.74,675.47,1622.66,564.12
STD_FORM_FB_AD_AV_186.jpg,2,0.95,1221.13,387.26,1358.22,585.54,1289.67,486.4
STD_FORM_FB_AD_AV_186.jpg,3,0.949,1062.78,397.6,1197.71,580.78,1130.24,489.19
STD_FORM_FB_AD_AV_186.jpg,4,0.946,761.44,398.0,890.77,592.5,826.1,495.25
STD_FORM_FB_AD_AV_186.jpg,5,0.939,623.26,389.51,755.74,594.61,689.5,492.06
STD_FORM_FB_AD_AV_186.jpg,6,0.917,492.15,419.91,627.2,637.88,559.67,528.89
STD_FORM_FB_AD_AV_186.jpg,7,0.908,884.11,382.1,1014.84,577.9,949.47,480.0
STD_FORM_FB_AD_AV_186.jpg,8,0.901,1370.37,423.57,1520.53,627.09,1445.45,525.33
STD_FORM_FB_AD_AV_187.jpg,1,0.958,1027.23,596.15,1185.69,896.58,1106.46,746.36
STD_FORM_FB_AD_AV_187.jpg,2,0.951,1510.06,507.92,1698.98,793.48,1604.52,650.7
STD_FORM_FB_AD_AV_187.jpg,3,0.948,365.17,528.74,530.69,791.83,447.93,660.29
STD_FORM_FB_AD_AV_187.jpg,4,0.946,179.72,459.11,334.97,744.76,257.35,601.93
STD_FORM_FB_AD_AV_187.jpg,5,0.943,561.28,464.04,722.53,733.59,641.9,598.82
STD_FORM_FB_AD_AV_187.jpg,6,0.939,1249.5,455.51,1430.1,755.05,1339.8,605.28
STD_FORM_FB_AD_AV_187.jpg,7,0.439,780.39,541.44,957.79,802.85,869.09,672.15
STD_FORM_FB_AD_AV_188.jpg,1,0.95,1025.95,466.13,1222.73,802.94,1124.34,634.53
STD_FORM_FB_AD_AV_188.jpg,2,0.941,92.56,346.21,278.0,658.3,185.28,502.25
STD_FORM_FB_AD_AV_188.jpg,3,0.937,591.16,532.7,827.63,867.63,709.39,700.17
STD_FORM_FB_AD_AV_188.jpg,4,0.934,1317.36,312.3,1543.19,623.49,1430.27,467.9
STD_FORM_FB_AD_AV_188.jpg,5,0.932,278.34,422.86,511.63,731.16,394.99,577.01
STD_FORM_FB_AD_AV_188.jpg,6,0.914,409.97,270.18,574.38,549.71,492.17,409.94
STD_FORM_FB_AD_AV_188.jpg,7,0.762,702.79,329.2,924.05,626.64,813.42,477.92
STD_FORM_FB_AD_AV_189.jpg,1,0.955,1362.87,298.59,1534.15,566.54,1448.51,432.56
STD_FORM_FB_AD_AV_189.jpg,2,0.949,1024.26,437.59,1195.43,705.15,1109.85,571.37
STD_FORM_FB_AD_AV_189.jpg,3,0.949,809.47,323.97,1006.41,578.68,907.94,451.32
STD_FORM_FB_AD_AV_189.jpg,4,0.942,1637.38,390.95,1848.55,675.42,1742.96,533.18
STD_FORM_FB_AD_AV_189.jpg,5,0.933,119.13,363.57,277.04,628.96,198.09,496.27
STD_FORM_FB_AD_AV_189.jpg,6,0.931,590.61,349.75,743.55,626.44,667.08,488.09
STD_FORM_FB_AD_AV_189.jpg,7,0.918,1196.55,366.39,1342.62,632.4,1269.58,499.4
STD_FORM_FB_AD_AV_189.jpg,8,0.913,432.41,281.35,574.44,549.1,503.42,415.22
STD_FORM_FB_AD_AV_190.jpg,1,0.953,1182.16,345.64,1377.28,564.71,1279.72,455.17
STD_FORM_FB_AD_AV_190.jpg,2,0.95,714.36,329.02,882.3,556.19,798.33,442.6
STD_FORM_FB_AD_AV_190.jpg,3,0.949,204.85,361.49,345.53,619.06,275.19,490.28
STD_FORM_FB_AD_AV_190.jpg,4,0.931,1452.04,383.2,1691.98,645.6,1572.01,514.4
STD_FORM_FB_AD_AV_190.jpg,5,0.927,438.1,334.67,572.17,587.15,505.14,460.91
STD_FORM_FB_AD_AV_190.jpg,6,0.915,8.28,445.75,163.08,728.81,85.68,587.28
STD_FORM_FB_AD_AV_190.jpg,7,0.412,972.39,322.7,1122.94,529.71,1047.67,426.21
STD_FORM_FB_AD_AV_191.jpg,1,0.958,440.77,368.84,600.05,603.53,520.41,486.19
STD_FORM_FB_AD_AV_191.jpg,2,0.958,940.82,380.78,1114.68,553.88,1027.75,467.33
STD_FORM_FB_AD_AV_191.jpg,3,0.944,79.83,479.8,220.17,750.09,150.0,614.95
STD_FORM_FB_AD_AV_191.jpg,4,0.94,1422.96,472.71,1653.38,665.25,1538.17,568.98
STD_FORM_FB_AD_AV_191.jpg,5,0.936,253.03,428.04,413.86,640.32,333.44,534.18
STD_FORM_FB_AD_AV_191.jpg,6,0.934,706.13,392.18,902.89,576.5,804.51,484.34
STD_FORM_FB_AD_AV_191.jpg,7,0.919,1653.84,515.22,1840.41,719.63,1747.13,617.42
STD_FORM_FB_AD_AV_191.jpg,8,0.914,1148.69,419.75,1371.18,607.33,1259.93,513.54
STD_FORM_FB_AD_AV_192.jpg,1,0.956,335.41,406.69,460.25,629.22,397.83,517.96
STD_FORM_FB_AD_AV_192.jpg,2,0.945,955.88,375.4,1096.33,554.19,1026.1,464.79
STD_FORM_FB_AD_AV_192.jpg,3,0.941,1591.92,476.51,1752.08,702.55,1672.0,589.53
STD_FORM_FB_AD_AV_192.jpg,4,0.94,1133.61,400.89,1329.24,600.07,1231.42,500.48
STD_FORM_FB_AD_AV_192.jpg,5,0.93,489.37,396.09,631.87,595.93,560.62,496.01
STD_FORM_FB_AD_AV_192.jpg,6,0.927,728.99,379.71,896.58,573.6,812.79,476.65
STD_FORM_FB_AD_AV_192.jpg,7,0.924,1391.46,430.14,1579.67,652.75,1485.57,541.44
STD_FORM_FB_AD_AV_192.jpg,8,0.92,160.21,500.15,268.1,727.4,214.15,613.77
STD_FORM_FB_AD_AV_224.jpg,1,0.945,766.43,507.02,1010.84,917.9,888.64,712.46
STD_FORM_FB_AD_AV_224.jpg,2,0.934,369.87,343.93,556.96,702.54,463.42,523.24
STD_FORM_FB_AD_AV_224.jpg,3,0.922,958.39,267.59,1090.84,559.73,1024.61,413.66
STD_FORM_FB_AD_AV_224.jpg,4,0.882,1226.69,410.59,1397.19,781.05,1311.94,595.82
STD_FORM_FB_AD_AV_224.jpg,5,0.783,659.93,338.87,776.7,644.37,718.32,491.62
STD_FORM_FB_AD_AV_224.jpg,6,0.435,1464.89,339.32,1617.17,638.14,1541.03,488.73
STD_FORM_FB_AD_AV_225.jpg,1,0.959,1477.99,343.82,1637.12,637.5,1557.56,490.66
STD_FORM_FB_AD_AV_225.jpg,2,0.943,1234.99,425.47,1407.83,789.87,1321.41,607.67
STD_FORM_FB_AD_AV_225.jpg,3,0.94,962.65,536.85,1137.44,929.04,1050.05,732.94
STD_FORM_FB_AD_AV_225.jpg,4,0.938,386.3,355.38,558.28,711.32,472.29,533.35
STD_FORM_FB_AD_AV_225.jpg,5,0.909,744.15,402.82,918.38,748.35,831.27,575.58
STD_FORM_FB_AD_AV_225.jpg,6,0.862,987.8,274.35,1142.71,542.2,1065.26,408.28
STD_FORM_FB_AD_AV_226.jpg,1,0.95,569.04,414.79,698.61,673.98,633.82,544.39
STD_FORM_FB_AD_AV_226.jpg,2,0.944,380.94,477.42,507.99,708.86,444.47,593.14
STD_FORM_FB_AD_AV_226.jpg,3,0.943,936.39,430.85,1059.58,681.43,997.98,556.14
STD_FORM_FB_AD_AV_226.jpg,4,0.935,1398.56,451.92,1523.21,672.06,1460.89,561.99
STD_FORM_FB_AD_AV_226.jpg,5,0.927,1228.72,422.5,1357.92,684.43,1293.32,553.46
STD_FORM_FB_AD_AV_226.jpg,6,0.925,214.39,419.18,345.51,653.28,279.95,536.23
STD_FORM_FB_AD_AV_226.jpg,7,0.92,1106.66,435.1,1228.41,689.09,1167.53,562.1
STD_FORM_FB_AD_AV_226.jpg,8,0.9,747.51,461.69,870.27,708.18,808.89,584.94
STD_FORM_FB_AD_AV_227.jpg,1,0.969,787.8,384.54,937.04,665.29,862.42,524.91
STD_FORM_FB_AD_AV_227.jpg,2,0.943,105.3,464.31,266.17,764.69,185.73,614.5
STD_FORM_FB_AD_AV_227.jpg,3,0.934,1092.45,381.13,1243.64,661.37,1168.04,521.25
STD_FORM_FB_AD_AV_227.jpg,4,0.93,526.67,449.12,691.89,744.97,609.28,597.04
STD_FORM_FB_AD_AV_227.jpg,5,0.929,964.74,453.72,1103.05,749.73,1033.9,601.73
STD_FORM_FB_AD_AV_227.jpg,6,0.891,1453.1,391.19,1594.88,657.81,1523.99,524.5
STD_FORM_FB_AD_AV_227.jpg,7,0.889,1344.87,441.76,1486.89,729.19,1415.88,585.48
STD_FORM_FB_AD_AV_228.jpg,1,0.97,1016.04,503.4,1213.02,792.08,1114.53,647.74
STD_FORM_FB_AD_AV_228.jpg,2,0.966,1427.25,484.91,1655.24,787.69,1541.25,636.3
STD_FORM_FB_AD_AV_228.jpg,3,0.93,1166.79,379.46,1317.42,647.65,1242.1,513.55
STD_FORM_FB_AD_AV_228.jpg,4,0.925,455.14,389.0,593.06,646.43,524.1,517.72
STD_FORM_FB_AD_AV_228.jpg,5,0.925,851.16,383.15,988.16,649.58,919.66,516.36
STD_FORM_FB_AD_AV_228.jpg,6,0.875,113.59,491.66,313.36,833.33,213.48,662.5
STD_FORM_FB_AD_AV_228.jpg,7,0.581,586.79,467.3,759.33,798.28,673.06,632.79
STD_FORM_FB_AD_AV_229.jpg,1,0.954,1595.75,514.24,1751.87,869.71,1673.81,691.98
STD_FORM_FB_AD_AV_229.jpg,2,0.951,250.39,504.9,404.19,876.84,327.29,690.87
STD_FORM_FB_AD_AV_229.jpg,3,0.949,1137.34,533.23,1300.97,885.61,1219.16,709.42
STD_FORM_FB_AD_AV_229.jpg,4,0.925,869.52,416.35,1006.86,704.83,938.19,560.59
STD_FORM_FB_AD_AV_229.jpg,5,0.925,626.14,519.35,825.96,866.48,726.05,692.92
STD_FORM_FB_AD_AV_229.jpg,6,0.923,501.21,383.9,638.11,702.56,569.66,543.23
STD_FORM_FB_AD_AV_229.jpg,7,0.631,1268.7,390.04,1388.06,690.86,1328.38,540.45
STD_FORM_FB_AD_AV_230.jpg,1,0.948,1589.97,534.61,1832.19,907.07,1711.08,720.84
STD_FORM_FB_AD_AV_230.jpg,2,0.897,1097.61,540.13,1318.44,908.89,1208.03,724.51
STD_FORM_FB_AD_AV_230.jpg,3,0.852,631.4,516.02,847.57,898.05,739.48,707.04
STD_FORM_FB_AD_AV_230.jpg,4,0.848,1254.25,407.49,1434.54,710.22,1344.39,558.86
STD_FORM_FB_AD_AV_230.jpg,5,0.833,291.13,490.35,494.2,894.01,392.67,692.18
STD_FORM_FB_AD_AV_230.jpg,6,0.429,820.51,424.76,997.07,721.41,908.79,573.09
STD_FORM_FB_AD_AV_231.jpg,1,0.948,1590.66,433.15,1743.75,667.93,1667.21,550.54
STD_FORM_FB_AD_AV_231.jpg,2,0.944,1743.8,419.53,1899.54,616.18,1821.67,517.85
STD_FORM_FB_AD_AV_231.jpg,3,0.939,422.01,378.63,550.45,596.13,486.23,487.38
STD_FORM_FB_AD_AV_231.jpg,4,0.936,1314.9,390.01,1455.25,626.72,1385.08,508.36
STD_FORM_FB_AD_AV_231.jpg,5,0.933,1463.07,368.59,1584.94,573.55,1524.01,471.07
STD_FORM_FB_AD_AV_231.jpg,6,0.92,847.74,343.09,970.49,544.83,909.12,443.96
STD_FORM_FB_AD_AV_231.jpg,7,0.913,628.62,354.33,751.45,563.08,690.03,458.7
STD_FORM_FB_AD_AV_231.jpg,8,0.911,133.11,401.34,273.49,606.58,203.3,503.96
STD_FORM_FB_AD_AV_232.jpg,1,0.934,1317.54,401.87,1431.88,606.12,1374.71,504.0
STD_FORM_FB_AD_AV_232.jpg,2,0.931,1449.87,383.06,1562.72,571.19,1506.29,477.12
STD_FORM_FB_AD_AV_232.jpg,3,0.922,877.83,401.24,987.84,562.59,932.83,481.91
STD_FORM_FB_AD_AV_232.jpg,4,0.92,684.58,403.76,792.51,596.55,738.54,500.15
STD_FORM_FB_AD_AV_232.jpg,5,0.909,207.53,430.71,330.29,620.57,268.91,525.64
STD_FORM_FB_AD_AV_232.jpg,6,0.864,1702.0,415.69,1803.2,582.31,1752.6,499.0
STD_FORM_FB_AD_AV_232.jpg,7,0.84,454.8,413.51,572.04,578.27,513.42,495.89
STD_FORM_FB_AD_AV_233.jpg,1,0.955,491.29,432.7,595.54,614.03,543.42,523.36
STD_FORM_FB_AD_AV_233.jpg,2,0.938,1286.19,405.43,1364.17,579.17,1325.18,492.3
STD_FORM_FB_AD_AV_233.jpg,3,0.929,1518.93,441.21,1620.41,606.08,1569.67,523.65
STD_FORM_FB_AD_AV_233.jpg,4,0.918,707.99,432.6,803.61,614.57,755.8,523.58
STD_FORM_FB_AD_AV_233.jpg,5,0.917,1402.78,396.68,1484.13,550.3,1443.45,473.49
STD_FORM_FB_AD_AV_233.jpg,6,0.91,257.48,444.9,356.65,610.84,307.07,527.87
STD_FORM_FB_AD_AV_233.jpg,7,0.867,928.1,418.66,1024.65,571.18,976.38,494.92
STD_FORM_FB_AD_AV_233.jpg,8,0.755,1620.09,412.84,1699.9,566.16,1660.0,489.5
STD_FORM_FB_AD_AV_234.jpg,1,0.941,772.64,405.76,935.45,749.47,854.04,577.61
STD_FORM_FB_AD_AV_234.jpg,2,0.938,1469.99,391.18,1633.2,693.34,1551.59,542.26
STD_FORM_FB_AD_AV_234.jpg,3,0.933,1333.77,297.72,1468.56,591.47,1401.16,444.59
STD_FORM_FB_AD_AV_234.jpg,4,0.931,1180.24,258.28,1319.73,477.65,1249.99,367.96
STD_FORM_FB_AD_AV_234.jpg,5,0.88,669.69,328.64,784.17,638.32,726.93,483.48
STD_FORM_FB_AD_AV_234.jpg,6,0.839,1183.28,466.66,1340.37,796.08,1261.83,631.37
STD_FORM_FB_AD_AV_234.jpg,7,0.721,945.37,374.31,1090.69,682.8,1018.03,528.56
STD_FORM_FB_AD_AV_234.jpg,8,0.592,946.11,372.88,1090.92,682.62,1018.52,527.75
STD_FORM_FB_AD_AV_235.jpg,1,0.929,776.94,398.85,845.96,533.36,811.45,466.11
STD_FORM_FB_AD_AV_235.jpg,2,0.91,888.02,410.35,968.81,528.55,928.42,469.45
STD_FORM_FB_AD_AV_235.jpg,3,0.898,662.56,405.89,737.23,539.3,699.89,472.59
STD_FORM_FB_AD_AV_235.jpg,4,0.896,550.0,402.36,621.83,539.58,585.92,470.97
STD_FORM_FB_AD_AV_235.jpg,5,0.896,1019.68,388.44,1087.5,523.75,1053.59,456.09
STD_FORM_FB_AD_AV_235.jpg,6,0.88,1375.12,388.49,1441.3,516.23,1408.21,452.36
STD_FORM_FB_AD_AV_235.jpg,7,0.861,1233.95,390.23,1303.26,518.04,1268.6,454.13
STD_FORM_FB_AD_AV_235.jpg,8,0.758,1112.83,397.49,1177.89,520.22,1145.36,458.86
STD_FORM_FB_AD_AV_236.jpg,1,0.95,929.16,426.08,1004.44,543.9,966.8,484.99
STD_FORM_FB_AD_AV_236.jpg,2,0.941,1399.26,403.41,1473.72,535.97,1436.49,469.69
STD_FORM_FB_AD_AV_236.jpg,3,0.928,553.65,418.77,634.16,560.42,593.91,489.6
STD_FORM_FB_AD_AV_236.jpg,4,0.928,1276.41,404.15,1350.47,543.28,1313.44,473.71
STD_FORM_FB_AD_AV_236.jpg,5,0.927,802.06,414.68,875.05,555.49,838.55,485.09
STD_FORM_FB_AD_AV_236.jpg,6,0.915,1050.9,416.19,1119.6,542.03,1085.25,479.11
STD_FORM_FB_AD_AV_236.jpg,7,0.74,694.64,418.66,772.75,568.93,733.7,493.8
STD_FORM_FB_AD_AV_236.jpg,8,0.586,1168.12,422.3,1230.55,541.15,1199.33,481.73
STD_FORM_FB_AD_AV_237.jpg,1,0.942,1349.32,430.37,1431.53,573.22,1390.42,501.8
STD_FORM_FB_AD_AV_237.jpg,2,0.933,1227.93,435.66,1301.77,581.85,1264.85,508.76
STD_FORM_FB_AD_AV_237.jpg,3,0.907,843.04,445.33,917.31,590.83,880.18,518.08
STD_FORM_FB_AD_AV_237.jpg,4,0.897,582.73,440.15,666.15,604.33,624.44,522.24
STD_FORM_FB_AD_AV_237.jpg,5,0.897,982.68,445.59,1057.98,580.87,1020.33,513.23
STD_FORM_FB_AD_AV_237.jpg,6,0.891,724.38,432.77,801.95,599.94,763.16,516.35
STD_FORM_FB_AD_AV_237.jpg,7,0.713,1474.68,427.74,1554.68,567.76,1514.68,497.75
STD_FORM_FB_AD_AV_237.jpg,8,0.69,1110.4,436.3,1183.91,585.33,1147.15,510.81
STD_FORM_FB_AD_AV_238.jpg,1,0.952,1183.51,511.09,1306.74,695.44,1245.13,603.27
STD_FORM_FB_AD_AV_238.jpg,2,0.941,1448.66,481.67,1563.25,663.51,1505.95,572.59
STD_FORM_FB_AD_AV_238.jpg,3,0.937,474.8,528.71,614.79,760.84,544.79,644.78
STD_FORM_FB_AD_AV_238.jpg,4,0.931,1021.83,518.14,1129.82,705.36,1075.83,611.75
STD_FORM_FB_AD_AV_238.jpg,5,0.931,1325.33,500.95,1428.51,684.51,1376.92,592.73
STD_FORM_FB_AD_AV_238.jpg,6,0.931,654.49,526.57,772.43,737.5,713.46,632.04
STD_FORM_FB_AD_AV_238.jpg,7,0.849,1602.86,474.21,1693.19,645.04,1648.02,559.63
STD_FORM_FB_AD_AV_238.jpg,8,0.758,838.26,521.8,956.28,722.77,897.27,622.28
